material,mgmt_escalated,ordered_inside_lead_time,phone_calls_placed,req_date_month,req_date_qtr,supplier_warning,units_ordered,price,total_order,lead_time,supplier,received_on_time
ACZ636,N,Y,5.0,10.0,4.0,No communication,161.0,18.18,2926.98,2.0,SS3,N
AYY404,N,N,7.0,3.0,1.0,Told it would be late,75.0,316.07,23705.25,17.0,MT4,Y
ABZ581,Y,Y,12.0,5.0,2.0,Told it would be on time,72.0,36.99,2663.28,3.0,TM2,Y
,N,N,8.0,4.0,2.0,,66.0,,469.26,1.0,CX4,Y
ABZ581,Y,N,19.0,10.0,4.0,Told it would be on time,152.0,36.99,5622.48,3.0,TM2,Y
AAZ122,N,Y,7.0,3.0,1.0,No communication,62.0,988.21,61269.02,14.0,RT4,N
AYY404,N,N,8.0,7.0,3.0,Told it would be late,84.0,316.07,26549.88,17.0,MT4,Y
AAZ212,N,Y,5.0,9.0,3.0,Told it would be on time,41.0,21.2,869.2,2.0,RT4,Y
AXX172,N,N,9.0,7.0,3.0,No communication,91.0,12.98,1181.18,2.0,CX4,Y
AAZ122,Y,Y,11.0,12.0,4.0,Told it would be on time,33.0,988.21,32610.93,14.0,RT4,N
ABZ581,N,Y,6.0,6.0,2.0,Told it would be late,68.0,36.99,2515.32,3.0,TM2,N
AXX172,Y,N,12.0,9.0,3.0,Told it would be on time,72.0,12.98,934.56,2.0,CX4,Y
ABZ582,Y,N,11.0,4.0,2.0,Told it would be late,155.0,72.73,11273.15,7.0,TM2,Y
AXX172,N,Y,5.0,3.0,1.0,Told it would be late,17.0,12.98,220.66,2.0,CX4,N
ABZ581,N,N,7.0,6.0,2.0,Told it would be on time,53.0,36.99,1960.47,3.0,TM2,Y
AYY404,N,Y,9.0,12.0,4.0,Told it would be late,47.0,316.07,14855.29,17.0,MT4,N
ABZ582,N,Y,9.0,10.0,4.0,No communication,136.0,72.73,9891.28,7.0,TM2,Y
AYY404,N,Y,6.0,6.0,2.0,Told it would be late,17.0,316.07,5373.19,17.0,MT4,N
ABZ581,N,N,6.0,12.0,4.0,Told it would be on time,19.0,36.99,702.81,3.0,TM2,Y
ACZ636,N,Y,6.0,9.0,3.0,Told it would be on time,37.0,18.18,672.66,2.0,SS3,Y
AXX172,N,N,5.0,6.0,2.0,No communication,28.0,12.98,363.44,2.0,CX4,Y
AXX172,Y,Y,11.0,9.0,3.0,Told it would be late,112.0,12.98,1453.76,2.0,CX4,N
AXX172,N,Y,8.0,7.0,3.0,No communication,87.0,12.98,1129.26,2.0,CX4,N
ACZ636,N,N,6.0,11.0,4.0,Told it would be on time,122.0,18.18,2217.96,2.0,SS3,Y
ABZ582,N,N,6.0,6.0,2.0,Told it would be late,51.0,72.73,3709.23,7.0,TM2,Y
AAZ122,Y,Y,12.0,7.0,3.0,Told it would be late,123.0,988.21,121549.83,14.0,RT4,N
AYY404,N,N,4.0,9.0,3.0,No communication,43.0,316.07,13591.01,17.0,MT4,Y
AYY404,N,Y,5.0,6.0,2.0,No communication,40.0,316.07,12642.8,17.0,MT4,N
AXX172,Y,N,30.0,7.0,3.0,Told it would be on time,148.0,12.98,1921.04,2.0,CX4,Y
AAZ212,N,N,,4.0,2.0,Told it would be on time,56.0,21.2,1187.2,2.0,RT4,Y
ABZ582,N,N,9.0,7.0,3.0,Told it would be late,35.0,72.73,2545.55,7.0,TM2,Y
AXX171,N,N,9.0,11.0,4.0,Told it would be on time,56.0,7.11,398.16,1.0,CX4,Y
AXX172,Y,N,14.0,9.0,3.0,Told it would be on time,203.0,12.98,2634.94,2.0,CX4,Y
AAZ212,N,Y,7.0,3.0,1.0,Told it would be on time,148.0,21.2,3137.6,2.0,RT4,Y
ACZ636,Y,N,13.0,11.0,4.0,No communication,181.0,18.18,3290.58,2.0,SS3,Y
AAZ212,N,N,7.0,7.0,3.0,Told it would be on time,50.0,21.2,1060.0,2.0,RT4,Y
AAZ212,N,N,9.0,4.0,2.0,,,,3307.2,2.0,RT4,Y
AAZ212,Y,N,14.0,8.0,3.0,Told it would be on time,105.0,21.2,2226.0,2.0,RT4,Y
ABZ582,Y,N,12.0,12.0,4.0,Told it would be on time,100.0,72.73,7273.0,7.0,TM2,Y
ACZ636,N,N,4.0,5.0,2.0,Told it would be on time,34.0,18.18,618.12,2.0,SS3,Y
ABZ581,N,Y,9.0,9.0,3.0,Told it would be on time,32.0,36.99,1183.68,3.0,TM2,Y
AXX172,Y,Y,12.0,4.0,2.0,Told it would be on time,57.0,12.98,739.86,2.0,CX4,N
AXX172,N,N,5.0,8.0,3.0,Told it would be on time,59.0,12.98,765.82,2.0,CX4,Y
ABZ581,Y,N,11.0,2.0,1.0,Told it would be on time,131.0,36.99,4845.69,3.0,TM2,Y
AAZ212,N,N,6.0,10.0,4.0,Told it would be on time,32.0,21.2,678.4,2.0,RT4,Y
ABZ581,N,N,6.0,7.0,3.0,Told it would be on time,178.0,36.99,6584.22,3.0,TM2,Y
AXX171,Y,N,10.0,4.0,2.0,No communication,22.0,7.11,156.42,1.0,CX4,Y
ACZ636,Y,N,17.0,,2.0,No communication,80.0,18.18,1454.4,2.0,SS3,Y
AAZ212,Y,N,10.0,9.0,3.0,Told it would be on time,93.0,21.2,1971.6,2.0,RT4,Y
AAZ212,Y,N,13.0,12.0,4.0,Told it would be on time,101.0,21.2,2141.2,2.0,RT4,Y
ACZ633,Y,Y,23.0,2.0,1.0,No communication,190.0,1268.68,241049.2,21.0,SS3,N
AAZ122,N,N,10.0,8.0,3.0,No communication,65.0,988.21,64233.65,14.0,RT4,N
ACZ636,N,Y,9.0,1.0,1.0,Told it would be late,40.0,18.18,727.2,2.0,SS3,N
AAZ122,,N,9.0,,4.0,Told it would be late,123.0,988.21,121549.83,14.0,RT4,Y
ABZ582,N,N,9.0,3.0,1.0,Told it would be on time,107.0,72.73,7782.11,7.0,TM2,Y
ABZ581,N,N,7.0,10.0,4.0,No communication,72.0,36.99,2663.28,3.0,TM2,Y
AYY404,N,N,6.0,10.0,4.0,Told it would be on time,77.0,316.07,24337.39,17.0,MT4,Y
ABZ582,N,N,9.0,7.0,3.0,Told it would be on time,77.0,72.73,5600.21,7.0,TM2,Y
ABZ582,N,N,7.0,8.0,3.0,Told it would be late,138.0,72.73,10036.74,7.0,TM2,N
AYY404,Y,N,13.0,6.0,2.0,Told it would be on time,83.0,316.07,26233.81,17.0,MT4,Y
ABZ582,N,N,7.0,4.0,2.0,Told it would be on time,89.0,72.73,6472.97,7.0,TM2,Y
AXX172,N,N,,7.0,3.0,Told it would be on time,40.0,12.98,,2.0,CX4,Y
AAZ212,Y,Y,11.0,4.0,2.0,Told it would be late,147.0,21.2,3116.4,2.0,RT4,N
ACZ636,Y,Y,11.0,7.0,3.0,Told it would be late,46.0,18.18,836.28,2.0,SS3,N
AAZ212,N,N,5.0,11.0,4.0,Told it would be on time,94.0,21.2,1992.8,2.0,RT4,Y
ACZ636,N,Y,8.0,11.0,4.0,Told it would be late,86.0,18.18,1563.48,2.0,SS3,N
AYY404,N,Y,8.0,1.0,1.0,No communication,134.0,316.07,42353.38,17.0,MT4,N
AYY404,N,N,8.0,8.0,3.0,Told it would be on time,89.0,316.07,28130.23,17.0,MT4,Y
AAZ212,N,Y,7.0,9.0,3.0,Told it would be on time,95.0,21.2,2014.0,2.0,RT4,Y
ABZ582,N,Y,7.0,8.0,3.0,No communication,26.0,72.73,1890.98,7.0,TM2,Y
AXX172,N,N,6.0,12.0,4.0,No communication,5.0,12.98,64.9,2.0,CX4,N
AAZ122,N,N,8.0,1.0,1.0,Told it would be on time,167.0,988.21,165031.07,14.0,RT4,Y
AYY404,Y,N,11.0,3.0,1.0,Told it would be late,132.0,316.07,41721.24,17.0,MT4,Y
ABZ582,Y,N,14.0,8.0,3.0,Told it would be late,59.0,72.73,4291.07,7.0,TM2,Y
ACZ636,N,N,10.0,7.0,3.0,Told it would be on time,154.0,18.18,2799.72,2.0,SS3,Y
AXX172,N,Y,6.0,3.0,1.0,No communication,64.0,12.98,830.72,2.0,CX4,Y
AXX172,N,N,7.0,8.0,3.0,Told it would be on time,93.0,12.98,1207.14,2.0,CX4,Y
AZY333,N,N,8.0,5.0,2.0,Told it would be on time,92.0,1879.9,172950.8,12.0,MT4,Y
AXX172,N,Y,10.0,1.0,1.0,Told it would be on time,95.0,12.98,1233.1,2.0,CX4,N
ABZ582,N,N,5.0,11.0,4.0,Told it would be on time,29.0,72.73,2109.17,7.0,TM2,Y
AXX172,N,N,5.0,3.0,1.0,Told it would be on time,52.0,12.98,674.96,2.0,CX4,Y
AAZ212,N,N,6.0,12.0,4.0,No communication,32.0,21.2,678.4,2.0,RT4,Y
AXX171,N,N,5.0,8.0,3.0,Told it would be on time,33.0,7.11,234.63,1.0,CX4,Y
ABZ582,N,N,10.0,8.0,3.0,Told it would be on time,76.0,72.73,5527.48,7.0,TM2,Y
AXX171,N,N,12.0,2.0,1.0,Told it would be on time,60.0,7.11,426.6,1.0,CX4,Y
AXX171,Y,Y,14.0,12.0,4.0,Told it would be late,107.0,7.11,760.77,1.0,CX4,N
,N,N,6.0,2.0,1.0,Told it would be on time,24.0,7.11,170.64,1.0,CX4,Y
AAZ122,N,N,6.0,5.0,2.0,Told it would be late,181.0,988.21,178866.01,14.0,RT4,N
ABZ582,Y,N,12.0,10.0,4.0,Told it would be on time,133.0,72.73,9673.09,7.0,TM2,Y
ABZ581,Y,N,11.0,8.0,3.0,Told it would be on time,170.0,36.99,6288.3,3.0,TM2,Y
ABZ581,N,N,5.0,6.0,2.0,Told it would be on time,43.0,36.99,1590.57,3.0,TM2,Y
AXX172,N,N,10.0,1.0,1.0,Told it would be late,99.0,12.98,1285.02,2.0,CX4,Y
ABZ582,N,N,6.0,9.0,3.0,Told it would be on time,13.0,72.73,945.49,7.0,TM2,Y
ABZ582,Y,N,13.0,6.0,2.0,Told it would be on time,58.0,72.73,4218.34,7.0,TM2,Y
AXX172,N,N,6.0,3.0,1.0,Told it would be on time,41.0,12.98,532.18,2.0,CX4,Y
ACZ636,Y,Y,11.0,9.0,3.0,Told it would be late,67.0,18.18,1218.06,2.0,SS3,N
AAZ212,N,N,8.0,10.0,4.0,Told it would be late,110.0,21.2,2332.0,2.0,RT4,Y
AXX172,N,N,11.0,3.0,1.0,Told it would be late,86.0,12.98,1116.28,2.0,CX4,Y
AAZ122,Y,N,15.0,6.0,2.0,Told it would be late,52.0,988.21,51386.92,14.0,RT4,N
AZY333,N,Y,7.0,10.0,4.0,Told it would be late,70.0,1879.9,131593.0,12.0,MT4,N
AXX172,N,N,6.0,6.0,2.0,Told it would be on time,88.0,12.98,1142.24,2.0,CX4,Y
AXX172,N,N,4.0,8.0,3.0,Told it would be on time,40.0,12.98,519.2,2.0,CX4,Y
AXX172,N,N,5.0,11.0,4.0,Told it would be late,157.0,12.98,2037.86,2.0,CX4,Y
AXX172,N,Y,7.0,8.0,3.0,No communication,32.0,12.98,415.36,2.0,CX4,N
ACZ636,N,N,8.0,4.0,2.0,Told it would be on time,111.0,18.18,2017.98,2.0,SS3,Y
ACZ636,N,N,6.0,10.0,4.0,No communication,75.0,18.18,1363.5,2.0,SS3,Y
AAZ212,Y,Y,11.0,10.0,4.0,Told it would be on time,161.0,21.2,3413.2,2.0,RT4,Y
ACZ636,N,Y,4.0,8.0,3.0,Told it would be late,46.0,18.18,836.28,2.0,SS3,N
AYY404,N,Y,7.0,4.0,2.0,Told it would be late,99.0,316.07,31290.93,17.0,MT4,N
ACZ636,N,N,5.0,6.0,2.0,Told it would be on time,86.0,18.18,1563.48,2.0,SS3,Y
AYY404,N,Y,7.0,6.0,2.0,Told it would be on time,22.0,316.07,6953.54,17.0,MT4,Y
ABZ582,N,N,9.0,12.0,4.0,No communication,139.0,72.73,10109.47,7.0,TM2,Y
ACZ636,N,Y,7.0,6.0,2.0,Told it would be late,149.0,18.18,2708.82,2.0,SS3,N
AXX171,N,Y,8.0,9.0,3.0,No communication,148.0,7.11,1052.28,1.0,CX4,N
ACZ636,N,N,6.0,11.0,4.0,Told it would be on time,34.0,18.18,618.12,2.0,SS3,Y
,N,N,6.0,4.0,2.0,Told it would be on time,51.0,72.73,3709.23,7.0,TM2,Y
ABZ581,N,Y,8.0,6.0,2.0,Told it would be late,102.0,36.99,3772.98,3.0,TM2,N
AXX171,N,N,6.0,7.0,3.0,No communication,79.0,7.11,561.69,1.0,CX4,Y
AAZ122,N,Y,6.0,12.0,4.0,Told it would be late,67.0,988.21,66210.07,14.0,RT4,N
AYY404,N,N,5.0,1.0,1.0,Told it would be on time,25.0,316.07,7901.75,17.0,MT4,Y
ABZ581,N,N,9.0,6.0,2.0,Told it would be on time,116.0,36.99,4290.84,3.0,TM2,Y
ACZ636,Y,Y,15.0,12.0,4.0,Told it would be on time,107.0,18.18,1945.26,2.0,SS3,Y
AYY404,N,Y,7.0,12.0,4.0,Told it would be late,132.0,316.07,41721.24,17.0,MT4,N
AAZ122,N,N,7.0,7.0,3.0,Told it would be on time,102.0,988.21,100797.42,14.0,RT4,Y
ABZ582,N,N,6.0,4.0,2.0,Told it would be on time,78.0,72.73,5672.94,7.0,TM2,Y
AAZ212,N,N,7.0,6.0,2.0,Told it would be on time,,21.2,911.6,2.0,RT4,Y
AAZ122,N,N,11.0,5.0,2.0,Told it would be on time,79.0,988.21,78068.59,14.0,RT4,Y
ABZ581,N,N,7.0,5.0,2.0,Told it would be on time,76.0,36.99,2811.24,3.0,TM2,Y
AXX172,N,N,9.0,10.0,4.0,No communication,187.0,12.98,2427.26,2.0,CX4,Y
ABZ581,N,N,4.0,2.0,1.0,Told it would be on time,27.0,36.99,998.73,3.0,TM2,Y
ACZ636,Y,N,15.0,12.0,4.0,Told it would be on time,116.0,18.18,2108.88,2.0,SS3,Y
AXX171,N,N,8.0,11.0,4.0,Told it would be on time,138.0,7.11,981.18,1.0,CX4,Y
ACZ636,N,N,5.0,8.0,3.0,No communication,24.0,18.18,436.32,2.0,SS3,Y
AXX172,N,N,5.0,2.0,1.0,Told it would be on time,54.0,12.98,700.92,2.0,CX4,Y
AXX171,N,N,10.0,12.0,4.0,No communication,41.0,7.11,291.51,1.0,CX4,Y
AXX172,N,N,11.0,4.0,2.0,Told it would be on time,76.0,12.98,986.48,2.0,CX4,Y
AXX172,N,N,9.0,7.0,3.0,No communication,113.0,12.98,1466.74,2.0,CX4,Y
ACZ636,N,Y,5.0,12.0,4.0,No communication,30.0,18.18,545.4,2.0,SS3,N
ACZ636,N,Y,8.0,6.0,2.0,Told it would be late,57.0,18.18,1036.26,2.0,SS3,N
ABZ582,Y,N,9.0,8.0,3.0,Told it would be on time,62.0,72.73,4509.26,7.0,TM2,Y
AXX172,N,Y,6.0,12.0,4.0,Told it would be late,40.0,12.98,519.2,2.0,CX4,N
ACZ633,Y,N,17.0,8.0,3.0,Told it would be on time,195.0,1268.68,247392.6,21.0,SS3,Y
ABZ581,Y,Y,17.0,1.0,1.0,Told it would be on time,165.0,36.99,6103.35,3.0,TM2,Y
AXX171,N,N,7.0,1.0,1.0,Told it would be on time,72.0,7.11,511.92,1.0,CX4,Y
ABZ581,Y,N,15.0,5.0,2.0,Told it would be on time,87.0,36.99,3218.13,3.0,TM2,Y
AXX172,Y,N,18.0,4.0,2.0,Told it would be on time,160.0,12.98,2076.8,2.0,CX4,Y
ABZ582,N,N,8.0,12.0,4.0,Told it would be on time,70.0,72.73,5091.1,7.0,TM2,Y
ABZ582,N,N,8.0,3.0,1.0,Told it would be on time,89.0,72.73,6472.97,7.0,TM2,Y
AYY404,N,N,6.0,3.0,1.0,Told it would be late,26.0,316.07,8217.82,17.0,MT4,N
AYY404,N,N,5.0,9.0,3.0,Told it would be on time,116.0,316.07,36664.12,17.0,MT4,Y
AYY404,N,N,7.0,2.0,1.0,Told it would be on time,130.0,316.07,41089.1,17.0,MT4,Y
AXX172,N,N,9.0,7.0,3.0,Told it would be on time,124.0,12.98,1609.52,2.0,CX4,Y
ACZ636,N,Y,10.0,3.0,1.0,Told it would be late,135.0,18.18,2454.3,2.0,SS3,N
AXX171,N,N,6.0,1.0,1.0,Told it would be on time,62.0,7.11,440.82,1.0,CX4,Y
AAZ212,N,N,7.0,13.0,4.0,No communication,73.0,21.2,1547.6,2.0,RT4,Y
AXX172,N,Y,8.0,8.0,3.0,Told it would be on time,21.0,12.98,272.58,2.0,CX4,Y
ACZ636,N,N,9.0,11.0,4.0,Told it would be on time,60.0,18.18,1090.8,2.0,SS3,Y
AAZ122,N,Y,9.0,11.0,4.0,Told it would be late,89.0,988.21,87950.69,14.0,RT4,N
ABZ581,N,N,9.0,3.0,1.0,Told it would be on time,45.0,36.99,1664.55,3.0,TM2,Y
AXX172,N,N,10.0,6.0,2.0,No communication,34.0,12.98,441.32,2.0,CX4,Y
AAZ122,Y,N,16.0,9.0,3.0,Told it would be on time,73.0,988.21,72139.33,14.0,RT4,Y
AXX172,N,Y,7.0,3.0,1.0,Told it would be late,30.0,12.98,389.4,2.0,CX4,N
AXX172,Y,N,16.0,12.0,4.0,No communication,171.0,12.98,2219.58,2.0,CX4,Y
AXX172,N,Y,8.0,8.0,3.0,Told it would be late,64.0,12.98,830.72,2.0,CX4,N
AXX171,N,N,10.0,7.0,3.0,Told it would be on time,33.0,7.11,234.63,1.0,CX4,Y
AAZ212,Y,Y,16.0,2.0,1.0,Told it would be on time,180.0,21.2,3816.0,2.0,RT4,Y
ABZ581,N,N,7.0,8.0,3.0,Told it would be late,101.0,36.99,3735.99,3.0,TM2,Y
ABZ581,N,N,8.0,6.0,2.0,Told it would be on time,62.0,36.99,2293.38,3.0,TM2,Y
AAZ212,N,N,6.0,12.0,4.0,Told it would be on time,56.0,21.2,1187.2,2.0,RT4,Y
AAZ212,Y,N,13.0,7.0,3.0,No communication,106.0,21.2,2247.2,2.0,RT4,Y
AAZ212,N,N,7.0,10.0,4.0,Told it would be on time,11.0,21.2,233.2,2.0,RT4,Y
AYY404,N,N,8.0,6.0,2.0,Told it would be on time,126.0,316.07,39824.82,17.0,MT4,Y
AAZ212,N,N,10.0,6.0,2.0,Told it would be late,125.0,21.2,2650.0,2.0,RT4,Y
AAZ122,Y,Y,11.0,12.0,4.0,Told it would be on time,162.0,988.21,160090.02,14.0,RT4,Y
ABZ581,N,N,6.0,3.0,1.0,Told it would be on time,47.0,36.99,1738.53,3.0,TM2,Y
AAZ212,N,N,7.0,2.0,1.0,Told it would be on time,80.0,21.2,1696.0,2.0,RT4,Y
ACZ636,Y,N,12.0,12.0,4.0,Told it would be on time,141.0,18.18,2563.38,2.0,SS3,Y
AAZ212,N,N,9.0,6.0,2.0,Told it would be on time,75.0,21.2,1590.0,2.0,RT4,Y
ACZ636,N,Y,9.0,3.0,1.0,No communication,80.0,18.18,1454.4,2.0,SS3,N
ABZ581,N,N,7.0,9.0,3.0,Told it would be on time,88.0,36.99,3255.12,3.0,TM2,Y
ACZ633,Y,N,12.0,4.0,2.0,Told it would be late,45.0,1268.68,57090.6,21.0,SS3,N
ABZ581,Y,N,18.0,8.0,3.0,Told it would be on time,118.0,36.99,4364.82,3.0,TM2,Y
AXX171,N,N,7.0,8.0,3.0,Told it would be on time,106.0,7.11,753.66,1.0,CX4,Y
AXX172,Y,N,14.0,2.0,1.0,Told it would be on time,91.0,12.98,1181.18,2.0,CX4,Y
AXX171,N,N,10.0,11.0,4.0,Told it would be on time,113.0,7.11,803.43,1.0,CX4,Y
AXX171,N,N,9.0,10.0,4.0,Told it would be on time,87.0,7.11,618.57,1.0,CX4,Y
AXX172,N,N,10.0,11.0,4.0,Told it would be on time,136.0,12.98,1765.28,2.0,CX4,Y
AXX172,N,N,5.0,12.0,4.0,Told it would be late,32.0,12.98,415.36,2.0,CX4,Y
ABZ582,N,N,8.0,6.0,2.0,Told it would be on time,7.0,72.73,509.11,7.0,TM2,Y
AYY404,N,N,5.0,5.0,2.0,Told it would be on time,52.0,316.07,16435.64,17.0,MT4,Y
ACZ636,N,N,8.0,8.0,3.0,Told it would be on time,161.0,18.18,2926.98,2.0,SS3,Y
ACZ636,N,Y,8.0,7.0,3.0,No communication,12.0,18.18,218.16,2.0,SS3,Y
AZY333,N,Y,10.0,5.0,2.0,No communication,87.0,1879.9,163551.3,12.0,MT4,N
AXX171,N,N,10.0,9.0,3.0,Told it would be late,51.0,7.11,362.61,1.0,CX4,Y
AAZ212,N,Y,7.0,11.0,4.0,Told it would be late,60.0,21.2,1272.0,2.0,RT4,Y
AYY404,N,Y,6.0,1.0,1.0,Told it would be late,89.0,316.07,28130.23,17.0,MT4,N
ACZ636,N,N,5.0,3.0,1.0,Told it would be on time,57.0,18.18,1036.26,2.0,SS3,Y
AXX172,N,N,9.0,2.0,1.0,No communication,145.0,12.98,1882.1,2.0,CX4,Y
ABZ582,Y,N,11.0,5.0,2.0,No communication,124.0,72.73,9018.52,7.0,TM2,Y
AAZ212,Y,Y,11.0,8.0,3.0,No communication,153.0,21.2,3243.6,2.0,RT4,N
AXX172,N,Y,5.0,7.0,3.0,Told it would be late,23.0,12.98,298.54,2.0,CX4,N
AXX171,N,N,8.0,8.0,3.0,No communication,89.0,7.11,632.79,1.0,CX4,Y
ACZ636,Y,N,13.0,6.0,2.0,Told it would be on time,133.0,18.18,2417.94,2.0,SS3,Y
AXX172,N,Y,8.0,12.0,4.0,Told it would be late,-33.0,12.98,869.66,2.0,CX4,N
AAZ212,N,N,6.0,1.0,1.0,No communication,127.0,21.2,2692.4,2.0,RT4,Y
AXX172,N,Y,4.0,5.0,2.0,Told it would be late,47.0,12.98,610.06,2.0,CX4,N
ACZ636,N,Y,9.0,6.0,2.0,Told it would be late,90.0,18.18,1636.2,2.0,SS3,N
AXX172,N,N,7.0,12.0,4.0,Told it would be on time,118.0,12.98,1531.64,2.0,CX4,Y
ABZ582,N,N,5.0,5.0,2.0,Told it would be on time,26.0,72.73,1890.98,7.0,TM2,Y
AXX171,N,N,4.0,8.0,3.0,Told it would be on time,24.0,7.11,170.64,1.0,CX4,Y
AXX172,N,Y,9.0,9.0,3.0,Told it would be late,26.0,12.98,337.48,2.0,CX4,N
ACZ633,N,Y,6.0,11.0,4.0,Told it would be late,50.0,1268.68,63434.0,21.0,SS3,N
ABZ582,Y,Y,11.0,7.0,3.0,Told it would be late,118.0,72.73,8582.14,7.0,TM2,N
ACZ636,N,Y,7.0,8.0,3.0,No communication,134.0,18.18,2436.12,2.0,SS3,N
AYY404,N,Y,10.0,6.0,2.0,Told it would be on time,125.0,316.07,39508.75,17.0,MT4,N
AAZ212,N,Y,9.0,9.0,3.0,Told it would be on time,139.0,21.2,2946.8,2.0,RT4,Y
AXX171,N,N,7.0,6.0,2.0,Told it would be on time,71.0,7.11,504.81,1.0,CX4,Y
ACZ636,N,N,4.0,1.0,1.0,Told it would be on time,92.0,18.18,1672.56,2.0,SS3,Y
AXX172,N,N,7.0,,4.0,Told it would be on time,73.0,12.98,947.54,2.0,CX4,Y
AAZ212,Y,N,10.0,2.0,1.0,Told it would be on time,56.0,21.2,1187.2,2.0,RT4,Y
AXX172,Y,N,9.0,3.0,1.0,No communication,89.0,12.98,1155.22,2.0,CX4,Y
ACZ636,N,N,8.0,6.0,6.0,Told it would be on time,126.0,18.18,2290.68,2.0,SS3,Y
ACZ636,N,N,5.0,9.0,3.0,Told it would be on time,129.0,18.18,2345.22,2.0,SS3,Y
ABZ581,N,N,9.0,5.0,2.0,Told it would be late,128.0,36.99,4734.72,3.0,TM2,Y
ABZ582,N,Y,10.0,9.0,3.0,No communication,56.0,72.73,4072.88,7.0,TM2,N
AXX172,N,N,9.0,7.0,3.0,No communication,55.0,12.98,713.9,2.0,CX4,Y
,N,N,5.0,9.0,3.0,Told it would be on time,23.0,988.21,22728.83,14.0,RT4,Y
AXX171,N,N,4.0,2.0,1.0,Told it would be late,44.0,7.11,312.84,1.0,CX4,Y
AYY404,N,N,5.0,8.0,3.0,Told it would be on time,78.0,316.07,24653.46,17.0,MT4,Y
AAZ212,N,N,4.0,12.0,4.0,Told it would be on time,93.0,21.2,1971.6,2.0,RT4,Y
AXX172,N,Y,7.0,10.0,4.0,Told it would be late,28.0,12.98,363.44,2.0,CX4,N
AXX172,Y,Y,8.0,3.0,1.0,No communication,84.0,12.98,1090.32,2.0,CX4,N
AAZ212,Y,Y,19.0,1.0,1.0,Told it would be on time,177.0,21.2,3752.4,2.0,RT4,Y
ABZ581,N,Y,4.0,9.0,3.0,Told it would be on time,142.0,36.99,5252.58,3.0,TM2,Y
AXX172,Y,N,13.0,5.0,2.0,Told it would be on time,99.0,12.98,1285.02,2.0,CX4,Y
AAZ212,N,N,6.0,11.0,4.0,Told it would be on time,140.0,21.2,2968.0,2.0,RT4,Y
ABZ582,N,N,7.0,3.0,1.0,Told it would be on time,64.0,72.73,4654.72,7.0,TM2,Y
ABZ581,N,Y,6.0,3.0,1.0,Told it would be on time,195.0,36.99,7213.05,3.0,TM2,Y
AYY404,N,Y,5.0,4.0,2.0,No communication,10.0,316.07,3160.7,17.0,MT4,N
ABZ582,N,N,7.0,8.0,3.0,No communication,75.0,72.73,5454.75,7.0,TM2,Y
ABZ581,N,N,6.0,4.0,2.0,Told it would be on time,50.0,36.99,1849.5,3.0,TM2,Y
AXX172,N,N,9.0,10.0,4.0,No communication,20.0,12.98,259.6,2.0,CX4,Y
AAZ212,N,N,8.0,9.0,3.0,Told it would be on time,22.0,21.2,466.4,2.0,RT4,Y
AXX171,Y,N,12.0,5.0,2.0,Told it would be on time,91.0,7.11,647.01,1.0,CX4,Y
AAZ212,N,N,7.0,1.0,1.0,Told it would be on time,30.0,21.2,636.0,2.0,RT4,Y
AAZ212,Y,N,12.0,6.0,2.0,Told it would be on time,111.0,21.2,2353.2,2.0,RT4,Y
AAZ212,N,N,10.0,5.0,2.0,Told it would be on time,75.0,21.2,1590.0,2.0,RT4,Y
ACZ636,N,Y,4.0,9.0,3.0,Told it would be late,16.0,18.18,290.88,2.0,SS3,N
ABZ581,N,N,8.0,10.0,,Told it would be on time,33.0,36.99,1220.67,3.0,TM2,Y
ACZ633,N,Y,6.0,7.0,3.0,Told it would be late,45.0,1268.68,57090.6,21.0,SS3,N
AXX171,N,Y,7.0,5.0,2.0,No communication,74.0,7.11,526.14,1.0,CX4,N
AXX171,N,Y,8.0,3.0,1.0,No communication,140.0,7.11,995.4,1.0,CX4,Y
AXX172,N,N,6.0,9.0,3.0,Told it would be on time,42.0,12.98,545.16,2.0,CX4,Y
AXX171,N,N,6.0,2.0,1.0,Told it would be late,37.0,7.11,263.07,1.0,CX4,N
AAZ212,N,N,4.0,9.0,3.0,Told it would be on time,90.0,21.2,1908.0,2.0,RT4,Y
AXX172,Y,N,10.0,11.0,4.0,No communication,201.0,12.98,2608.98,2.0,CX4,Y
ABZ581,Y,N,16.0,9.0,3.0,Told it would be on time,102.0,36.99,3772.98,3.0,TM2,Y
ABZ581,N,N,7.0,5.0,2.0,Told it would be on time,,36.99,406.89,3.0,TM2,Y
AXX172,N,N,6.0,12.0,4.0,Told it would be on time,55.0,12.98,713.9,2.0,CX4,Y
ABZ581,Y,N,16.0,7.0,3.0,Told it would be on time,98.0,36.99,3625.02,3.0,TM2,Y
AXX171,N,N,5.0,3.0,1.0,Told it would be on time,,7.11,405.27,1.0,CX4,Y
AXX171,N,N,8.0,12.0,4.0,Told it would be on time,112.0,7.11,796.32,1.0,CX4,Y
AXX171,N,N,6.0,7.0,3.0,Told it would be on time,23.0,7.11,163.53,1.0,CX4,Y
ACZ636,Y,N,12.0,12.0,4.0,Told it would be on time,151.0,18.18,2745.18,2.0,SS3,Y
ABZ581,N,Y,5.0,7.0,3.0,Told it would be late,40.0,36.99,1479.6,3.0,TM2,N
AYY404,N,N,8.0,13.0,2.0,Told it would be on time,115.0,316.07,36348.05,17.0,MT4,Y
ACZ636,N,N,5.0,11.0,4.0,Told it would be on time,40.0,18.18,727.2,2.0,SS3,Y
ABZ581,N,Y,9.0,10.0,4.0,Told it would be late,94.0,36.99,3477.06,3.0,TM2,N
ABZ582,N,N,4.0,12.0,4.0,No communication,4.0,72.73,290.92,7.0,TM2,Y
AAZ212,N,N,8.0,5.0,2.0,Told it would be on time,55.0,21.2,,2.0,RT4,Y
ABZ582,N,N,5.0,6.0,2.0,No communication,22.0,72.73,1600.06,7.0,TM2,Y
ACZ633,N,Y,7.0,12.0,4.0,No communication,73.0,1268.68,92613.64,21.0,SS3,N
ACZ636,Y,Y,11.0,13.0,2.0,Told it would be late,80.0,18.18,1454.4,2.0,SS3,N
ACZ636,Y,Y,11.0,12.0,4.0,Told it would be late,174.0,18.18,3163.32,2.0,SS3,N
ABZ581,N,N,7.0,9.0,3.0,No communication,48.0,36.99,1775.52,3.0,TM2,Y
AAZ212,N,Y,13.0,5.0,2.0,Told it would be on time,45.0,21.2,954.0,2.0,RT4,Y
AYY404,Y,Y,12.0,9.0,3.0,Told it would be late,34.0,316.07,10746.38,17.0,MT4,N
AXX172,N,Y,7.0,11.0,4.0,No communication,35.0,12.98,454.3,2.0,CX4,N
AYY404,N,Y,7.0,9.0,3.0,Told it would be late,108.0,316.07,34135.56,17.0,MT4,N
ACZ633,N,Y,4.0,1.0,1.0,No communication,59.0,1268.68,74852.12,21.0,SS3,N
AYY404,Y,N,13.0,12.0,4.0,No communication,104.0,316.07,32871.28,17.0,MT4,Y
ABZ581,N,N,6.0,1.0,1.0,Told it would be on time,40.0,36.99,1479.6,3.0,TM2,Y
ABZ582,N,N,4.0,9.0,3.0,No communication,29.0,72.73,2109.17,7.0,TM2,Y
AYY404,N,Y,8.0,12.0,6.0,No communication,140.0,316.07,44249.8,17.0,MT4,N
AYY404,Y,Y,9.0,4.0,2.0,No communication,155.0,316.07,48990.85,17.0,MT4,N
ABZ582,Y,N,32.0,4.0,2.0,Told it would be on time,39.0,72.73,2836.47,7.0,TM2,Y
ABZ581,N,N,9.0,12.0,4.0,Told it would be late,165.0,36.99,6103.35,3.0,,Y
AXX172,Y,N,13.0,7.0,3.0,Told it would be on time,109.0,12.98,1414.82,2.0,CX4,Y
AAZ212,N,N,7.0,1.0,1.0,Told it would be on time,60.0,21.2,1272.0,2.0,RT4,Y
AXX171,Y,N,11.0,6.0,2.0,Told it would be on time,190.0,7.11,1350.9,1.0,CX4,Y
AXX172,N,N,8.0,9.0,3.0,No communication,37.0,12.98,480.26,2.0,CX4,Y
AXX172,N,N,4.0,4.0,2.0,Told it would be on time,34.0,12.98,441.32,2.0,CX4,Y
AXX171,N,N,6.0,10.0,4.0,Told it would be on time,52.0,7.11,369.72,1.0,CX4,Y
ABZ582,Y,N,12.0,7.0,3.0,Told it would be on time,108.0,72.73,7854.84,7.0,TM2,Y
AZY333,N,,9.0,12.0,4.0,Told it would be late,68.0,1879.9,127833.2,12.0,MT4,N
AAZ212,N,N,7.0,5.0,2.0,Told it would be on time,110.0,21.2,2332.0,2.0,RT4,Y
ABZ581,N,N,9.0,3.0,1.0,Told it would be on time,60.0,36.99,2219.4,3.0,TM2,Y
AAZ212,N,N,6.0,12.0,4.0,No communication,36.0,21.2,763.2,2.0,RT4,Y
ACZ636,N,N,7.0,10.0,4.0,Told it would be on time,154.0,18.18,2799.72,2.0,SS3,Y
AYY404,N,Y,6.0,3.0,1.0,Told it would be late,54.0,316.07,17067.78,17.0,MT4,N
AYY404,N,N,9.0,1.0,1.0,Told it would be on time,99.0,316.07,31290.93,17.0,MT4,Y
ABZ581,N,N,10.0,6.0,2.0,Told it would be on time,86.0,36.99,3181.14,3.0,TM2,Y
AAZ212,N,N,8.0,9.0,3.0,Told it would be on time,32.0,21.2,678.4,2.0,RT4,Y
AAZ212,Y,N,13.0,8.0,3.0,Told it would be on time,102.0,21.2,2162.4,2.0,RT4,Y
ACZ636,N,Y,5.0,4.0,2.0,Told it would be late,126.0,18.18,2290.68,2.0,SS3,N
AZY333,N,Y,7.0,6.0,2.0,Told it would be late,114.0,1879.9,214308.6,12.0,MT4,N
ACZ636,Y,N,9.0,8.0,3.0,Told it would be late,69.0,18.18,1254.42,2.0,SS3,Y
AYY404,N,Y,9.0,1.0,1.0,No communication,49.0,316.07,15487.43,17.0,MT4,N
ABZ581,N,N,5.0,4.0,2.0,Told it would be late,23.0,36.99,850.77,3.0,TM2,Y
AAZ122,N,Y,9.0,12.0,4.0,No communication,113.0,988.21,111667.73,14.0,RT4,N
AAZ212,N,N,9.0,12.0,4.0,Told it would be on time,47.0,21.2,996.4,2.0,RT4,Y
AAZ212,N,N,7.0,2.0,1.0,Told it would be on time,64.0,21.2,1356.8,2.0,RT4,Y
ABZ581,N,Y,10.0,11.0,4.0,No communication,88.0,36.99,3255.12,3.0,TM2,N
ABZ581,N,N,9.0,2.0,1.0,Told it would be on time,62.0,36.99,2293.38,3.0,TM2,Y
AXX172,N,Y,9.0,13.0,4.0,,43.0,12.98,558.14,2.0,CX4,N
AXX171,N,N,6.0,5.0,2.0,Told it would be on time,101.0,7.11,718.11,1.0,CX4,Y
AXX171,Y,N,12.0,1.0,1.0,Told it would be late,66.0,7.11,469.26,1.0,CX4,Y
AXX172,N,N,8.0,6.0,2.0,Told it would be on time,86.0,12.98,1116.28,2.0,CX4,Y
ABZ581,N,N,7.0,9.0,3.0,Told it would be on time,57.0,36.99,2108.43,3.0,TM2,Y
AAZ122,Y,Y,12.0,6.0,2.0,No communication,118.0,988.21,116608.78,14.0,RT4,N
AXX172,N,Y,8.0,3.0,1.0,Told it would be late,106.0,12.98,1375.88,2.0,CX4,N
ABZ581,N,N,3.0,10.0,4.0,Told it would be on time,9.0,36.99,332.91,3.0,TM2,Y
ACZ636,N,N,6.0,3.0,1.0,Told it would be on time,151.0,18.18,2745.18,2.0,SS3,Y
ABZ582,N,N,7.0,7.0,3.0,Told it would be on time,73.0,72.73,5309.29,7.0,TM2,Y
ABZ581,N,N,4.0,8.0,3.0,No communication,27.0,36.99,998.73,3.0,TM2,Y
AAZ212,N,N,7.0,12.0,4.0,Told it would be on time,40.0,21.2,848.0,2.0,RT4,Y
ABZ582,N,N,13.0,1.0,1.0,Told it would be late,180.0,72.73,13091.4,7.0,TM2,Y
,N,Y,9.0,2.0,1.0,Told it would be late,58.0,316.07,18332.06,17.0,MT4,N
ABZ582,N,N,7.0,3.0,1.0,Told it would be on time,110.0,72.73,8000.3,7.0,TM2,Y
ACZ636,Y,N,18.0,1.0,1.0,Told it would be on time,146.0,18.18,2654.28,2.0,SS3,Y
AXX172,N,N,8.0,11.0,4.0,No communication,16.0,12.98,207.68,2.0,CX4,Y
ACZ636,N,Y,9.0,1.0,1.0,Told it would be on time,72.0,18.18,1308.96,2.0,SS3,N
AXX171,N,N,7.0,7.0,3.0,Told it would be late,68.0,7.11,483.48,1.0,CX4,Y
AAZ212,N,N,5.0,5.0,2.0,Told it would be on time,99.0,21.2,2098.8,2.0,RT4,Y
ACZ636,Y,N,9.0,3.0,1.0,Told it would be late,,18.18,2217.96,2.0,SS3,N
ACZ636,N,N,7.0,11.0,4.0,Told it would be on time,95.0,18.18,1727.1,2.0,SS3,Y
AXX171,Y,N,8.0,3.0,1.0,Told it would be on time,39.0,7.11,277.29,1.0,CX4,Y
AXX172,N,Y,7.0,5.0,2.0,No communication,64.0,12.98,830.72,2.0,CX4,N
AXX172,N,N,4.0,12.0,4.0,Told it would be late,40.0,12.98,519.2,2.0,CX4,Y
ABZ582,Y,N,21.0,8.0,3.0,Told it would be on time,168.0,72.73,12218.64,7.0,TM2,Y
ABZ582,N,N,9.0,6.0,2.0,Told it would be on time,90.0,72.73,6545.7,7.0,TM2,Y
ACZ636,N,N,9.0,3.0,1.0,Told it would be on time,87.0,18.18,1581.66,2.0,SS3,Y
AAZ212,N,Y,5.0,3.0,1.0,Told it would be on time,50.0,21.2,1060.0,2.0,RT4,Y
ABZ581,N,N,6.0,3.0,1.0,No communication,174.0,36.99,6436.26,3.0,TM2,Y
ACZ636,N,Y,7.0,3.0,1.0,Told it would be late,88.0,18.18,1599.84,2.0,SS3,N
ABZ581,N,N,10.0,6.0,2.0,No communication,61.0,36.99,2256.39,3.0,TM2,Y
ACZ636,N,N,6.0,5.0,2.0,Told it would be on time,46.0,18.18,836.28,2.0,SS3,Y
ABZ581,N,N,5.0,9.0,6.0,Told it would be on time,96.0,36.99,3551.04,3.0,TM2,Y
ABZ581,Y,N,7.0,10.0,4.0,No communication,62.0,36.99,2293.38,3.0,TM2,Y
ACZ636,N,N,7.0,10.0,4.0,Told it would be on time,104.0,18.18,1890.72,2.0,SS3,Y
AZY333,Y,Y,11.0,12.0,4.0,Told it would be late,106.0,1879.9,199269.4,12.0,MT4,N
AZY333,N,Y,8.0,12.0,4.0,Told it would be late,74.0,1879.9,139112.6,12.0,MT4,N
AAZ212,N,N,7.0,7.0,3.0,Told it would be on time,25.0,21.2,530.0,2.0,RT4,Y
AAZ212,N,N,6.0,4.0,2.0,Told it would be on time,33.0,21.2,699.6,2.0,RT4,Y
ABZ581,Y,Y,15.0,4.0,6.0,Told it would be on time,150.0,36.99,5548.5,3.0,TM2,Y
AAZ212,N,N,9.0,7.0,3.0,No communication,26.0,21.2,551.2,2.0,RT4,Y
AXX172,Y,N,16.0,4.0,2.0,Told it would be late,158.0,12.98,2050.84,2.0,CX4,N
ABZ582,N,N,7.0,13.0,2.0,No communication,122.0,72.73,8873.06,7.0,TM2,Y
ACZ636,N,Y,3.0,3.0,1.0,No communication,42.0,18.18,763.56,2.0,SS3,N
AYY404,N,Y,9.0,10.0,4.0,Told it would be late,74.0,316.07,23389.18,17.0,MT4,N
ACZ636,N,N,6.0,12.0,4.0,Told it would be on time,105.0,18.18,1908.9,2.0,SS3,Y
AXX171,N,Y,7.0,10.0,4.0,No communication,140.0,7.11,995.4,1.0,CX4,N
AAZ212,N,N,6.0,5.0,2.0,Told it would be on time,74.0,21.2,1568.8,2.0,RT4,Y
AXX171,N,N,9.0,3.0,1.0,Told it would be on time,80.0,7.11,568.8,1.0,CX4,Y
AAZ212,,N,7.0,12.0,4.0,Told it would be on time,60.0,21.2,1272.0,2.0,RT4,Y
AXX172,Y,N,11.0,5.0,2.0,Told it would be on time,77.0,12.98,999.46,2.0,CX4,Y
AAZ212,N,N,8.0,5.0,2.0,Told it would be on time,42.0,21.2,890.4,2.0,RT4,Y
AXX171,N,N,7.0,4.0,2.0,No communication,32.0,7.11,227.52,1.0,CX4,Y
ACZ636,Y,N,11.0,9.0,3.0,Told it would be on time,206.0,18.18,3745.08,2.0,SS3,Y
ABZ582,N,N,8.0,7.0,3.0,Told it would be late,74.0,72.73,5382.02,7.0,TM2,Y
ABZ582,N,N,6.0,2.0,1.0,Told it would be on time,29.0,72.73,2109.17,7.0,,Y
AYY404,N,Y,9.0,9.0,3.0,Told it would be late,18.0,316.07,5689.26,17.0,MT4,N
AAZ212,N,N,6.0,5.0,2.0,Told it would be on time,62.0,21.2,1314.4,2.0,RT4,Y
ABZ581,N,N,8.0,1.0,1.0,Told it would be on time,25.0,36.99,924.75,3.0,TM2,Y
AXX171,Y,N,12.0,3.0,1.0,Told it would be on time,31.0,7.11,220.41,1.0,CX4,Y
ABZ582,N,Y,9.0,10.0,4.0,Told it would be on time,139.0,72.73,10109.47,7.0,TM2,Y
AAZ212,Y,N,15.0,6.0,2.0,Told it would be on time,154.0,21.2,3264.8,2.0,RT4,Y
AXX172,N,Y,8.0,6.0,2.0,No communication,60.0,12.98,778.8,2.0,CX4,N
ABZ581,N,N,8.0,2.0,1.0,Told it would be on time,166.0,36.99,6140.34,3.0,TM2,Y
ACZ633,Y,Y,12.0,12.0,4.0,No communication,115.0,1268.68,145898.2,21.0,SS3,N
ACZ636,N,Y,8.0,12.0,4.0,Told it would be late,110.0,18.18,1999.8,2.0,SS3,N
ACZ636,N,N,6.0,5.0,2.0,Told it would be on time,21.0,18.18,381.78,2.0,SS3,Y
AXX171,N,N,7.0,1.0,1.0,Told it would be on time,48.0,7.11,341.28,1.0,CX4,Y
ACZ636,N,N,12.0,8.0,3.0,Told it would be on time,53.0,18.18,963.54,2.0,SS3,Y
ACZ636,N,Y,6.0,6.0,2.0,Told it would be late,48.0,18.18,872.64,2.0,SS3,N
ACZ636,N,N,,6.0,2.0,Told it would be on time,177.0,18.18,3217.86,2.0,SS3,Y
AAZ212,N,N,7.0,6.0,2.0,No communication,115.0,21.2,2438.0,2.0,RT4,Y
ABZ581,N,N,5.0,6.0,2.0,No communication,55.0,36.99,2034.45,3.0,TM2,Y
ABZ581,N,N,5.0,6.0,2.0,Told it would be on time,100.0,36.99,3699.0,3.0,TM2,Y
AAZ212,Y,Y,11.0,7.0,3.0,Told it would be on time,128.0,21.2,2713.6,2.0,RT4,Y
AXX172,N,Y,11.0,10.0,4.0,Told it would be late,194.0,12.98,2518.12,2.0,CX4,N
AYY404,N,N,6.0,12.0,4.0,Told it would be on time,67.0,316.07,21176.69,17.0,MT4,Y
ABZ582,N,Y,7.0,3.0,1.0,No communication,53.0,72.73,3854.69,7.0,TM2,N
AXX172,Y,N,11.0,2.0,1.0,No communication,42.0,12.98,545.16,2.0,CX4,Y
AAZ212,N,N,10.0,4.0,2.0,Told it would be on time,75.0,21.2,1590.0,2.0,RT4,Y
ACZ636,N,Y,6.0,6.0,2.0,Told it would be late,31.0,18.18,563.58,2.0,SS3,N
ABZ581,N,N,8.0,10.0,4.0,Told it would be on time,74.0,36.99,2737.26,3.0,TM2,Y
ABZ581,N,N,8.0,2.0,1.0,Told it would be on time,43.0,36.99,1590.57,3.0,TM2,Y
AXX172,N,N,10.0,1.0,1.0,Told it would be on time,58.0,12.98,752.84,2.0,CX4,Y
AYY404,N,Y,10.0,11.0,4.0,Told it would be late,75.0,316.07,23705.25,17.0,MT4,N
AAZ122,N,Y,7.0,5.0,2.0,Told it would be late,98.0,988.21,96844.58,14.0,RT4,N
AXX171,N,N,4.0,13.0,3.0,Told it would be on time,79.0,7.11,561.69,1.0,CX4,Y
ACZ636,Y,N,16.0,5.0,2.0,No communication,91.0,18.18,1654.38,2.0,SS3,Y
AAZ212,N,N,9.0,9.0,3.0,Told it would be on time,93.0,21.2,1971.6,2.0,RT4,Y
AYY404,Y,N,11.0,8.0,3.0,Told it would be on time,53.0,316.07,16751.71,17.0,MT4,Y
ACZ636,N,,8.0,9.0,3.0,No communication,136.0,18.18,2472.48,2.0,SS3,N
ACZ636,N,Y,4.0,5.0,2.0,Told it would be late,38.0,18.18,690.84,2.0,SS3,N
AXX172,Y,N,13.0,12.0,4.0,Told it would be on time,156.0,12.98,2024.88,2.0,CX4,Y
,N,N,7.0,4.0,2.0,Told it would be late,30.0,316.07,9482.1,17.0,,N
ABZ581,N,Y,9.0,2.0,1.0,Told it would be on time,42.0,36.99,1553.58,3.0,TM2,N
ACZ636,N,N,8.0,3.0,1.0,Told it would be on time,102.0,18.18,1854.36,2.0,SS3,Y
ABZ582,N,N,6.0,5.0,2.0,Told it would be on time,69.0,72.73,5018.37,7.0,TM2,Y
ABZ581,Y,N,16.0,10.0,4.0,Told it would be on time,88.0,36.99,3255.12,3.0,TM2,Y
ACZ636,N,N,9.0,3.0,1.0,Told it would be on time,110.0,18.18,1999.8,2.0,SS3,Y
AAZ212,N,Y,8.0,10.0,4.0,No communication,91.0,21.2,1929.2,2.0,RT4,N
,Y,N,11.0,4.0,2.0,Told it would be on time,64.0,21.2,1356.8,2.0,RT4,Y
AYY404,Y,N,11.0,1.0,1.0,Told it would be on time,49.0,316.07,15487.43,17.0,MT4,Y
AAZ122,N,Y,5.0,1.0,1.0,Told it would be late,87.0,988.21,85974.27,14.0,RT4,N
AYY404,N,Y,5.0,2.0,1.0,Told it would be late,20.0,316.07,6321.4,17.0,MT4,N
AYY404,N,Y,5.0,12.0,4.0,Told it would be late,73.0,316.07,23073.11,17.0,MT4,N
ABZ582,N,N,15.0,11.0,4.0,Told it would be on time,55.0,72.73,4000.15,7.0,TM2,Y
ABZ581,N,N,8.0,10.0,4.0,Told it would be on time,57.0,36.99,2108.43,3.0,TM2,Y
AXX172,N,Y,5.0,7.0,3.0,No communication,150.0,12.98,1947.0,2.0,CX4,N
AXX172,N,N,7.0,3.0,1.0,Told it would be on time,54.0,12.98,700.92,2.0,CX4,Y
AXX172,N,Y,8.0,10.0,4.0,Told it would be on time,135.0,12.98,1752.3,2.0,CX4,Y
ACZ636,N,Y,5.0,8.0,3.0,No communication,10.0,18.18,181.8,2.0,SS3,N
AAZ212,Y,N,14.0,3.0,1.0,Told it would be on time,134.0,21.2,2840.8,2.0,RT4,Y
AXX172,N,N,9.0,7.0,3.0,Told it would be on time,97.0,12.98,1259.06,2.0,CX4,Y
AXX172,N,N,10.0,12.0,4.0,Told it would be on time,137.0,12.98,1778.26,2.0,CX4,Y
AAZ212,N,N,10.0,9.0,3.0,Told it would be on time,83.0,21.2,1759.6,2.0,RT4,Y
AXX171,N,N,5.0,12.0,4.0,Told it would be on time,38.0,7.11,270.18,1.0,CX4,Y
ABZ581,Y,Y,13.0,2.0,1.0,Told it would be on time,184.0,36.99,6806.16,3.0,TM2,Y
ACZ636,Y,N,10.0,5.0,2.0,Told it would be on time,61.0,18.18,1108.98,2.0,SS3,Y
AXX172,N,N,3.0,8.0,3.0,Told it would be on time,20.0,12.98,259.6,2.0,CX4,Y
ABZ582,N,N,7.0,11.0,4.0,No communication,61.0,72.73,4436.53,7.0,TM2,Y
AAZ122,N,N,5.0,7.0,3.0,Told it would be on time,113.0,988.21,111667.73,14.0,RT4,Y
AXX172,N,Y,7.0,9.0,3.0,Told it would be on time,30.0,12.98,389.4,2.0,CX4,Y
ABZ581,N,Y,9.0,11.0,4.0,No communication,57.0,36.99,2108.43,3.0,TM2,N
AAZ212,N,N,9.0,12.0,4.0,Told it would be late,27.0,21.2,572.4,2.0,RT4,Y
AXX172,N,N,14.0,10.0,4.0,Told it would be on time,47.0,12.98,610.06,2.0,CX4,Y
ABZ581,N,N,9.0,3.0,1.0,Told it would be on time,92.0,36.99,3403.08,3.0,TM2,Y
AXX171,N,N,10.0,9.0,3.0,Told it would be on time,146.0,7.11,1038.06,1.0,CX4,Y
ABZ581,Y,Y,11.0,2.0,1.0,Told it would be late,131.0,36.99,4845.69,3.0,TM2,Y
ABZ582,N,Y,10.0,2.0,,No communication,52.0,72.73,3781.96,7.0,TM2,Y
AXX172,N,N,5.0,9.0,3.0,Told it would be late,57.0,12.98,739.86,2.0,CX4,Y
AAZ212,N,N,8.0,3.0,1.0,No communication,97.0,21.2,2056.4,2.0,RT4,Y
AYY404,N,Y,6.0,3.0,1.0,Told it would be late,127.0,316.07,40140.89,17.0,MT4,N
ABZ581,N,N,6.0,12.0,4.0,Told it would be on time,57.0,36.99,2108.43,3.0,TM2,Y
AYY404,Y,Y,9.0,4.0,2.0,Told it would be late,27.0,316.07,8533.89,17.0,MT4,N
ABZ582,N,N,10.0,11.0,4.0,Told it would be on time,40.0,72.73,2909.2,7.0,TM2,Y
AZY333,Y,Y,13.0,1.0,1.0,Told it would be late,117.0,1879.9,219948.3,12.0,MT4,N
ABZ582,N,N,4.0,1.0,1.0,Told it would be on time,55.0,72.73,4000.15,7.0,TM2,Y
ACZ636,N,Y,8.0,11.0,4.0,No communication,67.0,18.18,1218.06,2.0,SS3,N
ACZ636,N,N,6.0,3.0,1.0,Told it would be on time,44.0,18.18,799.92,2.0,SS3,Y
AXX172,N,N,10.0,3.0,1.0,Told it would be on time,70.0,12.98,908.6,2.0,CX4,Y
AXX171,N,Y,7.0,3.0,1.0,Told it would be late,44.0,7.11,312.84,1.0,CX4,N
AXX171,N,N,9.0,12.0,4.0,Told it would be on time,134.0,7.11,952.74,1.0,CX4,Y
ABZ582,Y,Y,14.0,11.0,4.0,Told it would be on time,120.0,72.73,8727.6,7.0,TM2,Y
ACZ636,N,N,10.0,9.0,3.0,Told it would be on time,156.0,18.18,2836.08,2.0,SS3,Y
AYY404,N,Y,6.0,13.0,3.0,Told it would be late,17.0,316.07,5373.19,17.0,MT4,N
ACZ636,Y,N,12.0,5.0,2.0,Told it would be late,52.0,18.18,945.36,2.0,SS3,Y
ACZ636,N,N,8.0,9.0,3.0,Told it would be late,160.0,18.18,2908.8,2.0,SS3,Y
ABZ582,Y,N,12.0,8.0,3.0,Told it would be on time,84.0,72.73,6109.32,7.0,TM2,Y
ABZ581,N,N,9.0,10.0,4.0,Told it would be on time,29.0,36.99,1072.71,3.0,TM2,Y
AAZ122,Y,N,12.0,3.0,1.0,,107.0,988.21,,14.0,RT4,N
ABZ581,N,N,6.0,1.0,1.0,No communication,61.0,36.99,2256.39,3.0,TM2,Y
AYY404,N,N,8.0,6.0,2.0,Told it would be on time,49.0,316.07,15487.43,17.0,MT4,Y
AXX171,N,Y,9.0,6.0,2.0,No communication,67.0,7.11,476.37,1.0,CX4,Y
ABZ582,N,N,6.0,12.0,4.0,Told it would be on time,91.0,72.73,6618.43,7.0,TM2,Y
AXX171,N,,5.0,9.0,3.0,Told it would be late,18.0,7.11,127.98,1.0,CX4,N
AXX172,Y,N,13.0,8.0,3.0,Told it would be on time,168.0,12.98,2180.64,2.0,CX4,Y
AXX172,N,Y,8.0,4.0,2.0,Told it would be on time,80.0,12.98,1038.4,2.0,CX4,Y
ACZ636,N,Y,7.0,4.0,2.0,No communication,14.0,18.18,254.52,2.0,SS3,N
AYY404,Y,N,13.0,12.0,4.0,No communication,118.0,316.07,37296.26,17.0,MT4,N
AAZ212,N,Y,9.0,5.0,2.0,Told it would be on time,43.0,21.2,911.6,2.0,RT4,Y
AYY404,Y,Y,12.0,6.0,2.0,Told it would be late,128.0,316.07,40456.96,17.0,MT4,N
AXX172,N,N,8.0,3.0,1.0,Told it would be on time,70.0,12.98,908.6,2.0,CX4,Y
ABZ582,N,N,6.0,7.0,3.0,Told it would be on time,47.0,72.73,3418.31,7.0,TM2,Y
AXX171,N,N,6.0,3.0,1.0,Told it would be on time,54.0,7.11,383.94,1.0,CX4,Y
ACZ636,N,Y,5.0,12.0,4.0,Told it would be late,51.0,18.18,927.18,2.0,SS3,N
AAZ212,N,N,10.0,9.0,3.0,No communication,120.0,21.2,2544.0,2.0,RT4,Y
AXX172,N,Y,5.0,6.0,2.0,No communication,85.0,12.98,1103.3,2.0,CX4,N
AAZ212,N,N,5.0,4.0,2.0,Told it would be on time,54.0,21.2,1144.8,2.0,RT4,Y
AXX172,N,N,9.0,9.0,3.0,Told it would be late,91.0,12.98,1181.18,2.0,CX4,N
AAZ212,N,N,6.0,3.0,1.0,Told it would be on time,14.0,21.2,296.8,2.0,RT4,Y
ACZ636,N,N,12.0,5.0,2.0,Told it would be on time,84.0,18.18,1527.12,2.0,SS3,Y
ABZ581,N,N,7.0,6.0,2.0,Told it would be on time,60.0,,2219.4,3.0,TM2,Y
AXX171,N,N,7.0,2.0,1.0,Told it would be on time,44.0,7.11,312.84,1.0,CX4,N
AAZ122,N,Y,5.0,2.0,1.0,Told it would be late,123.0,988.21,121549.83,14.0,RT4,N
AAZ122,N,Y,8.0,12.0,4.0,Told it would be late,42.0,988.21,41504.82,14.0,RT4,N
ACZ636,N,N,4.0,6.0,2.0,Told it would be on time,26.0,18.18,472.68,2.0,SS3,Y
ABZ582,N,Y,6.0,8.0,3.0,No communication,84.0,72.73,6109.32,7.0,TM2,Y
ACZ636,N,N,13.0,12.0,4.0,No communication,121.0,18.18,2199.78,2.0,SS3,Y
AZY333,Y,Y,14.0,4.0,2.0,Told it would be on time,163.0,1879.9,306423.7,12.0,MT4,N
AXX172,N,Y,6.0,6.0,2.0,Told it would be late,66.0,12.98,856.68,2.0,CX4,N
AXX172,Y,N,15.0,12.0,4.0,Told it would be on time,51.0,12.98,661.98,2.0,CX4,Y
AXX172,N,N,4.0,2.0,1.0,Told it would be on time,22.0,12.98,285.56,2.0,CX4,Y
AZY333,Y,Y,19.0,8.0,3.0,Told it would be late,93.0,1879.9,174830.7,12.0,MT4,N
AXX172,Y,N,16.0,7.0,3.0,No communication,105.0,12.98,1362.9,2.0,CX4,Y
AYY404,N,N,8.0,3.0,1.0,Told it would be on time,137.0,316.07,43301.59,17.0,MT4,Y
AXX171,N,Y,7.0,2.0,1.0,Told it would be on time,67.0,7.11,476.37,1.0,CX4,Y
AXX171,N,N,10.0,5.0,2.0,No communication,65.0,7.11,462.15,1.0,CX4,Y
AXX172,N,N,6.0,9.0,3.0,Told it would be late,12.0,12.98,155.76,2.0,CX4,Y
ACZ636,N,Y,6.0,10.0,4.0,No communication,29.0,18.18,527.22,2.0,SS3,Y
ABZ582,N,N,9.0,5.0,2.0,Told it would be on time,47.0,72.73,3418.31,7.0,TM2,Y
ABZ582,N,Y,9.0,1.0,1.0,No communication,35.0,72.73,2545.55,7.0,TM2,N
ACZ633,N,Y,,3.0,1.0,Told it would be late,11.0,1268.68,13955.48,21.0,SS3,N
ACZ636,N,N,7.0,5.0,2.0,No communication,133.0,18.18,2417.94,2.0,SS3,Y
AAZ212,N,N,10.0,3.0,1.0,No communication,92.0,21.2,1950.4,2.0,RT4,Y
ABZ581,N,N,10.0,3.0,1.0,Told it would be on time,18.0,36.99,665.82,3.0,TM2,Y
AXX171,N,N,10.0,11.0,4.0,No communication,29.0,7.11,206.19,1.0,CX4,Y
AYY404,N,N,5.0,6.0,2.0,Told it would be on time,21.0,316.07,6637.47,17.0,MT4,Y
ACZ636,N,N,8.0,4.0,2.0,No communication,145.0,18.18,2636.1,2.0,SS3,Y
ACZ636,N,N,8.0,9.0,3.0,Told it would be on time,158.0,18.18,2872.44,2.0,SS3,Y
ACZ636,N,Y,8.0,3.0,1.0,Told it would be on time,118.0,18.18,2145.24,2.0,SS3,N
AAZ212,N,N,6.0,1.0,1.0,Told it would be on time,48.0,21.2,1017.6,2.0,RT4,Y
AXX172,N,N,8.0,12.0,4.0,No communication,71.0,12.98,921.58,2.0,CX4,Y
AAZ122,N,N,6.0,7.0,3.0,No communication,31.0,988.21,30634.51,14.0,RT4,Y
AXX171,Y,Y,11.0,6.0,2.0,Told it would be on time,53.0,7.11,376.83,1.0,CX4,Y
AXX171,N,Y,7.0,3.0,1.0,Told it would be late,156.0,7.11,1109.16,1.0,CX4,N
ACZ636,N,Y,6.0,3.0,1.0,Told it would be late,54.0,18.18,981.72,2.0,SS3,N
ACZ636,N,N,7.0,6.0,2.0,Told it would be on time,58.0,18.18,1054.44,2.0,SS3,Y
AXX171,Y,N,8.0,11.0,4.0,Told it would be on time,89.0,7.11,632.79,1.0,CX4,Y
ABZ582,N,N,7.0,9.0,3.0,No communication,62.0,72.73,4509.26,7.0,TM2,Y
AXX171,N,N,5.0,12.0,4.0,Told it would be on time,13.0,7.11,92.43,1.0,CX4,Y
ABZ582,N,N,6.0,3.0,1.0,Told it would be on time,24.0,72.73,1745.52,7.0,TM2,Y
AXX171,N,N,8.0,8.0,3.0,Told it would be on time,120.0,7.11,853.2,1.0,CX4,Y
AXX171,N,N,5.0,4.0,2.0,Told it would be on time,39.0,7.11,277.29,1.0,CX4,Y
AZY333,N,Y,10.0,4.0,2.0,Told it would be late,65.0,1879.9,122193.5,12.0,MT4,N
AXX171,N,N,7.0,6.0,2.0,Told it would be on time,53.0,7.11,376.83,1.0,CX4,Y
AYY404,Y,Y,10.0,8.0,3.0,No communication,69.0,316.07,,17.0,MT4,N
,N,N,8.0,7.0,3.0,Told it would be on time,85.0,988.21,83997.85,14.0,RT4,Y
AYY404,N,Y,7.0,3.0,1.0,Told it would be late,47.0,316.07,14855.29,17.0,MT4,N
AAZ212,N,N,6.0,8.0,3.0,No communication,40.0,21.2,848.0,2.0,RT4,Y
AXX172,Y,N,8.0,6.0,2.0,No communication,183.0,12.98,,2.0,CX4,Y
ABZ582,N,Y,7.0,9.0,3.0,Told it would be late,68.0,72.73,4945.64,7.0,TM2,N
AAZ212,N,N,8.0,11.0,4.0,Told it would be on time,40.0,21.2,848.0,2.0,RT4,Y
AAZ212,N,N,5.0,1.0,1.0,Told it would be on time,47.0,21.2,996.4,2.0,RT4,Y
AAZ122,N,Y,4.0,3.0,1.0,Told it would be late,111.0,988.21,109691.31,14.0,RT4,N
AAZ212,N,,7.0,5.0,2.0,No communication,34.0,21.2,720.8,2.0,RT4,Y
ACZ636,N,Y,6.0,2.0,1.0,Told it would be late,138.0,18.18,2508.84,2.0,SS3,N
AXX171,N,N,8.0,7.0,3.0,Told it would be on time,146.0,7.11,1038.06,1.0,CX4,Y
AYY404,N,N,7.0,7.0,3.0,No communication,21.0,316.07,6637.47,17.0,MT4,N
AXX172,Y,N,9.0,2.0,1.0,Told it would be on time,57.0,12.98,739.86,2.0,CX4,Y
AYY404,N,Y,7.0,8.0,3.0,Told it would be late,69.0,316.07,21808.83,17.0,MT4,N
AXX171,N,,7.0,6.0,2.0,Told it would be late,104.0,7.11,739.44,1.0,CX4,Y
ACZ636,N,Y,7.0,3.0,1.0,Told it would be late,81.0,18.18,1472.58,2.0,SS3,N
AYY404,N,Y,6.0,9.0,3.0,Told it would be late,60.0,316.07,18964.2,17.0,MT4,N
AAZ122,N,N,7.0,11.0,4.0,No communication,87.0,988.21,85974.27,14.0,RT4,Y
AAZ212,N,Y,6.0,1.0,1.0,No communication,91.0,21.2,1929.2,2.0,RT4,Y
ACZ636,Y,N,12.0,7.0,3.0,No communication,137.0,18.18,2490.66,2.0,SS3,Y
ACZ633,Y,Y,15.0,10.0,4.0,Told it would be on time,170.0,1268.68,215675.6,21.0,SS3,N
ABZ581,N,N,4.0,1.0,1.0,Told it would be on time,79.0,36.99,2922.21,3.0,TM2,Y
AXX172,N,N,5.0,12.0,4.0,No communication,59.0,12.98,765.82,2.0,CX4,Y
AXX172,N,N,7.0,3.0,1.0,Told it would be on time,38.0,12.98,493.24,2.0,CX4,Y
ABZ581,Y,N,13.0,3.0,1.0,Told it would be on time,49.0,36.99,1812.51,3.0,TM2,Y
AYY404,Y,N,11.0,9.0,3.0,Told it would be late,29.0,316.07,9166.03,17.0,MT4,N
AXX172,Y,N,12.0,9.0,3.0,No communication,97.0,12.98,1259.06,2.0,CX4,Y
AAZ122,Y,N,14.0,6.0,2.0,Told it would be on time,133.0,988.21,131431.93,14.0,RT4,Y
AAZ212,Y,N,11.0,12.0,4.0,No communication,67.0,21.2,1420.4,2.0,RT4,Y
AXX172,Y,Y,17.0,3.0,1.0,No communication,104.0,12.98,1349.92,2.0,CX4,N
AAZ212,N,N,9.0,5.0,2.0,Told it would be on time,125.0,21.2,2650.0,2.0,RT4,Y
AAZ212,N,N,6.0,,1.0,No communication,87.0,92435.0,1844.4,2.0,RT4,Y
AXX171,N,Y,10.0,8.0,3.0,No communication,70.0,7.11,497.7,1.0,CX4,N
ABZ581,Y,Y,13.0,10.0,4.0,No communication,75.0,36.99,2774.25,3.0,TM2,N
ABZ582,Y,N,12.0,12.0,4.0,Told it would be on time,40.0,72.73,2909.2,7.0,TM2,Y
AYY404,N,N,10.0,9.0,3.0,Told it would be late,87.0,316.07,27498.09,17.0,MT4,Y
AAZ212,N,N,7.0,3.0,1.0,Told it would be on time,126.0,21.2,2671.2,2.0,RT4,Y
AXX172,,N,6.0,9.0,3.0,No communication,59.0,12.98,765.82,2.0,CX4,Y
ACZ636,N,N,8.0,9.0,3.0,Told it would be on time,36.0,18.18,654.48,2.0,SS3,Y
ABZ581,Y,N,11.0,7.0,3.0,Told it would be on time,27.0,36.99,998.73,3.0,TM2,Y
ACZ636,N,N,16.0,7.0,3.0,Told it would be on time,119.0,18.18,2163.42,2.0,SS3,Y
ACZ636,Y,N,11.0,13.0,3.0,Told it would be on time,204.0,18.18,3708.72,2.0,SS3,Y
ABZ582,N,N,5.0,12.0,4.0,Told it would be on time,87.0,72.73,6327.51,7.0,TM2,Y
ACZ636,N,N,6.0,12.0,4.0,Told it would be on time,49.0,18.18,890.82,2.0,SS3,Y
AXX171,Y,N,12.0,2.0,1.0,Told it would be on time,107.0,7.11,760.77,1.0,CX4,Y
ABZ582,Y,Y,13.0,7.0,3.0,Told it would be late,166.0,72.73,12073.18,7.0,TM2,Y
AYY404,N,Y,7.0,10.0,4.0,No communication,55.0,316.07,17383.85,17.0,MT4,N
ACZ633,Y,N,14.0,9.0,3.0,Told it would be on time,182.0,1268.68,230899.76,21.0,SS3,Y
AYY404,N,Y,7.0,3.0,1.0,Told it would be late,145.0,316.07,45830.15,17.0,MT4,N
AXX171,N,N,5.0,2.0,1.0,Told it would be on time,29.0,7.11,206.19,1.0,CX4,Y
ACZ636,N,N,8.0,8.0,3.0,Told it would be on time,63.0,18.18,1145.34,2.0,SS3,Y
ABZ582,N,N,8.0,8.0,3.0,No communication,41.0,72.73,2981.93,7.0,TM2,Y
ACZ633,N,N,8.0,5.0,2.0,Told it would be on time,34.0,1268.68,43135.12,21.0,SS3,N
AXX172,N,N,12.0,3.0,1.0,Told it would be on time,91.0,12.98,1181.18,2.0,CX4,Y
AAZ212,Y,N,11.0,5.0,2.0,Told it would be late,54.0,21.2,1144.8,2.0,RT4,Y
AXX171,N,Y,10.0,10.0,4.0,Told it would be on time,50.0,7.11,355.5,1.0,CX4,Y
ABZ582,N,N,10.0,6.0,2.0,Told it would be on time,127.0,72.73,9236.71,7.0,TM2,Y
ACZ636,N,N,6.0,12.0,4.0,Told it would be on time,38.0,18.18,690.84,2.0,SS3,Y
ABZ582,N,N,10.0,11.0,4.0,Told it would be on time,89.0,72.73,6472.97,7.0,TM2,Y
AAZ212,N,N,8.0,4.0,2.0,Told it would be on time,57.0,21.2,1208.4,2.0,RT4,Y
AAZ212,N,N,7.0,10.0,4.0,No communication,87.0,21.2,1844.4,2.0,RT4,Y
ACZ633,N,N,9.0,2.0,1.0,Told it would be on time,54.0,1268.68,68508.72,21.0,SS3,N
ACZ636,N,N,8.0,6.0,2.0,Told it would be on time,66.0,18.18,1199.88,2.0,SS3,Y
ACZ633,N,N,6.0,7.0,3.0,No communication,38.0,1268.68,48209.84,21.0,SS3,N
AAZ212,Y,N,17.0,3.0,1.0,Told it would be on time,137.0,21.2,2904.4,2.0,RT4,Y
AAZ212,N,N,,2.0,1.0,Told it would be on time,93.0,21.2,1971.6,,RT4,Y
ABZ581,Y,N,11.0,3.0,1.0,Told it would be on time,201.0,36.99,7434.99,3.0,TM2,Y
AXX172,N,Y,8.0,9.0,3.0,Told it would be late,69.0,12.98,895.62,2.0,CX4,N
AAZ122,N,N,7.0,3.0,1.0,Told it would be on time,56.0,988.21,55339.76,14.0,RT4,Y
AXX171,N,N,16.0,10.0,4.0,Told it would be on time,93.0,7.11,661.23,1.0,CX4,Y
AAZ212,N,N,7.0,1.0,1.0,No communication,103.0,21.2,2183.6,2.0,RT4,Y
ABZ581,N,N,10.0,9.0,3.0,,54.0,36.99,1997.46,3.0,TM2,Y
AAZ212,N,N,9.0,8.0,3.0,No communication,45.0,21.2,954.0,2.0,RT4,Y
AXX171,Y,N,17.0,4.0,2.0,No communication,172.0,7.11,1222.92,1.0,CX4,N
AXX171,N,N,7.0,11.0,4.0,No communication,112.0,7.11,796.32,1.0,CX4,Y
AXX172,N,N,5.0,3.0,1.0,No communication,120.0,12.98,1557.6,2.0,CX4,Y
AXX172,N,Y,8.0,7.0,3.0,No communication,15.0,12.98,194.7,2.0,CX4,N
AAZ122,N,Y,7.0,11.0,4.0,Told it would be late,46.0,988.21,45457.66,14.0,RT4,N
ABZ581,Y,N,20.0,9.0,3.0,Told it would be on time,56.0,36.99,2071.44,3.0,TM2,Y
ACZ636,N,Y,7.0,11.0,4.0,Told it would be late,100.0,18.18,1818.0,2.0,SS3,N
ABZ582,N,Y,10.0,11.0,4.0,Told it would be on time,108.0,72.73,7854.84,,TM2,Y
AAZ212,N,N,6.0,8.0,3.0,Told it would be on time,86.0,21.2,1823.2,2.0,RT4,Y
AXX171,N,Y,6.0,11.0,4.0,Told it would be late,40.0,7.11,284.4,1.0,CX4,Y
ABZ581,N,Y,9.0,12.0,4.0,Told it would be late,138.0,36.99,5104.62,3.0,TM2,N
AXX172,N,,4.0,2.0,1.0,No communication,38.0,12.98,493.24,2.0,CX4,N
ABZ582,N,N,8.0,9.0,3.0,Told it would be on time,168.0,72.73,12218.64,7.0,TM2,Y
AAZ212,N,Y,8.0,8.0,3.0,Told it would be on time,115.0,21.2,2438.0,2.0,RT4,N
AXX172,N,N,9.0,5.0,2.0,No communication,113.0,12.98,1466.74,2.0,CX4,Y
AAZ122,N,N,7.0,2.0,1.0,No communication,128.0,988.21,126490.88,14.0,RT4,Y
ABZ581,Y,Y,30.0,2.0,1.0,Told it would be late,146.0,36.99,5400.54,3.0,TM2,N
AZY333,N,Y,8.0,6.0,2.0,No communication,97.0,1879.9,182350.3,12.0,MT4,N
ABZ581,N,N,8.0,6.0,2.0,Told it would be on time,54.0,36.99,1997.46,3.0,TM2,Y
AXX171,Y,Y,11.0,9.0,3.0,Told it would be on time,109.0,7.11,774.99,1.0,CX4,N
AXX172,Y,N,9.0,8.0,3.0,Told it would be on time,49.0,12.98,636.02,2.0,CX4,Y
AAZ212,N,N,4.0,3.0,,Told it would be on time,72.0,21.2,1526.4,2.0,RT4,Y
ABZ582,N,N,7.0,3.0,1.0,Told it would be on time,61.0,72.73,4436.53,7.0,TM2,Y
AXX172,N,Y,5.0,5.0,2.0,Told it would be late,35.0,12.98,454.3,2.0,CX4,N
AAZ212,N,N,8.0,10.0,4.0,Told it would be on time,154.0,21.2,3264.8,2.0,RT4,Y
AXX172,N,Y,4.0,11.0,4.0,Told it would be late,30.0,12.98,389.4,2.0,CX4,N
AXX172,N,N,5.0,6.0,2.0,Told it would be on time,26.0,12.98,337.48,2.0,CX4,Y
AXX172,N,N,8.0,7.0,3.0,No communication,43.0,12.98,558.14,2.0,CX4,Y
ACZ633,N,N,7.0,3.0,1.0,Told it would be on time,48.0,1268.68,60896.64,21.0,SS3,Y
ABZ582,Y,N,13.0,3.0,1.0,Told it would be on time,72.0,72.73,5236.56,7.0,TM2,Y
ACZ636,N,Y,5.0,4.0,2.0,Told it would be late,34.0,18.18,618.12,2.0,SS3,N
AYY404,N,Y,7.0,12.0,4.0,Told it would be late,62.0,316.07,19596.34,17.0,MT4,N
AAZ212,N,N,9.0,5.0,2.0,Told it would be on time,124.0,21.2,2628.8,2.0,RT4,Y
AAZ122,N,N,10.0,11.0,4.0,Told it would be late,15.0,988.21,14823.15,14.0,RT4,N
ABZ582,N,N,9.0,4.0,2.0,Told it would be on time,27.0,72.73,1963.71,7.0,TM2,Y
AXX172,N,Y,5.0,2.0,1.0,Told it would be late,38.0,12.98,493.24,2.0,CX4,Y
ACZ636,Y,Y,10.0,9.0,3.0,No communication,62.0,18.18,1127.16,2.0,SS3,Y
AXX171,N,N,7.0,3.0,1.0,No communication,30.0,7.11,213.3,1.0,CX4,Y
AXX171,N,N,6.0,1.0,1.0,Told it would be on time,55.0,7.11,391.05,1.0,CX4,Y
AXX172,N,Y,4.0,3.0,1.0,Told it would be late,15.0,12.98,194.7,2.0,CX4,N
ABZ581,N,N,12.0,2.0,1.0,Told it would be on time,206.0,36.99,7619.94,3.0,TM2,Y
AAZ212,Y,N,11.0,12.0,4.0,Told it would be on time,72.0,21.2,1526.4,2.0,RT4,Y
AYY404,N,Y,6.0,3.0,1.0,Told it would be late,21.0,316.07,6637.47,17.0,MT4,Y
AAZ212,N,N,8.0,7.0,3.0,No communication,99.0,21.2,2098.8,2.0,RT4,Y
ACZ633,N,,7.0,9.0,3.0,No communication,80.0,1268.68,101494.4,21.0,SS3,N
AAZ212,Y,N,9.0,6.0,2.0,Told it would be on time,175.0,21.2,3710.0,2.0,RT4,Y
AYY404,Y,Y,11.0,2.0,1.0,Told it would be on time,110.0,316.07,34767.7,17.0,MT4,Y
AAZ212,N,N,10.0,9.0,3.0,Told it would be on time,26.0,21.2,551.2,2.0,RT4,Y
ABZ582,N,N,10.0,5.0,2.0,Told it would be on time,31.0,72.73,2254.63,7.0,TM2,Y
AXX172,Y,N,16.0,12.0,4.0,No communication,53.0,12.98,687.94,2.0,CX4,Y
AXX172,N,N,6.0,6.0,2.0,Told it would be on time,55.0,12.98,713.9,2.0,CX4,Y
AXX171,N,N,7.0,3.0,1.0,Told it would be on time,27.0,7.11,191.97,1.0,CX4,Y
AXX172,Y,N,12.0,5.0,2.0,Told it would be on time,118.0,12.98,1531.64,2.0,CX4,Y
AAZ212,N,N,6.0,1.0,1.0,Told it would be on time,74.0,21.2,1568.8,2.0,RT4,Y
AAZ212,Y,N,15.0,4.0,2.0,Told it would be on time,157.0,21.2,3328.4,2.0,RT4,Y
ACZ636,N,N,6.0,2.0,1.0,Told it would be on time,42.0,18.18,763.56,2.0,SS3,Y
ABZ582,N,N,7.0,9.0,3.0,Told it would be on time,34.0,72.73,2472.82,7.0,TM2,Y
AXX172,N,N,6.0,3.0,1.0,Told it would be on time,60.0,12.98,778.8,2.0,,Y
ACZ633,N,N,10.0,12.0,4.0,No communication,53.0,1268.68,67240.04,21.0,SS3,N
AZY333,N,,7.0,6.0,2.0,Told it would be on time,22.0,1879.9,41357.8,12.0,MT4,Y
AXX171,N,Y,5.0,6.0,2.0,Told it would be late,42.0,7.11,298.62,1.0,CX4,N
AYY404,Y,N,9.0,4.0,2.0,Told it would be on time,115.0,316.07,36348.05,17.0,MT4,Y
ABZ582,N,N,6.0,8.0,3.0,No communication,96.0,72.73,6982.08,7.0,TM2,Y
AXX172,N,N,6.0,5.0,2.0,No communication,40.0,12.98,519.2,2.0,CX4,Y
AYY404,N,N,5.0,6.0,2.0,Told it would be late,33.0,316.07,10430.31,17.0,MT4,Y
AZY333,N,Y,5.0,3.0,1.0,No communication,23.0,1879.9,43237.7,12.0,MT4,N
AAZ212,N,N,9.0,9.0,3.0,Told it would be late,78.0,21.2,1653.6,2.0,RT4,Y
AXX171,N,N,5.0,4.0,2.0,Told it would be on time,51.0,7.11,362.61,1.0,CX4,Y
AYY404,N,N,5.0,9.0,3.0,Told it would be on time,37.0,316.07,11694.59,17.0,MT4,Y
ABZ581,Y,N,11.0,11.0,4.0,Told it would be on time,82.0,36.99,3033.18,3.0,TM2,Y
ABZ582,N,N,8.0,12.0,4.0,Told it would be on time,116.0,72.73,8436.68,7.0,TM2,Y
ACZ636,N,Y,4.0,10.0,4.0,Told it would be late,15.0,18.18,272.7,2.0,SS3,N
AXX172,N,Y,4.0,4.0,2.0,Told it would be on time,41.0,12.98,532.18,2.0,CX4,Y
ABZ581,Y,N,17.0,11.0,4.0,No communication,67.0,36.99,2478.33,3.0,TM2,Y
ACZ636,N,N,6.0,1.0,1.0,Told it would be on time,62.0,18.18,1127.16,2.0,SS3,Y
AXX171,N,Y,7.0,12.0,4.0,Told it would be on time,45.0,7.11,319.95,1.0,CX4,N
ACZ636,N,Y,7.0,6.0,2.0,Told it would be on time,57.0,18.18,1036.26,2.0,SS3,N
ABZ582,N,N,9.0,12.0,4.0,Told it would be on time,174.0,72.73,12655.02,7.0,TM2,Y
AAZ212,,N,6.0,10.0,4.0,Told it would be on time,32.0,,678.4,2.0,RT4,Y
ABZ581,N,N,7.0,5.0,2.0,No communication,32.0,36.99,,3.0,TM2,Y
ABZ582,N,N,5.0,8.0,3.0,Told it would be on time,22.0,72.73,1600.06,7.0,TM2,Y
AYY404,N,N,5.0,12.0,4.0,Told it would be late,97.0,316.07,30658.79,17.0,MT4,Y
AXX171,Y,Y,11.0,13.0,4.0,Told it would be on time,116.0,7.11,824.76,1.0,CX4,N
AYY404,N,Y,9.0,2.0,1.0,No communication,35.0,316.07,11062.45,17.0,MT4,N
AAZ212,N,N,8.0,2.0,1.0,Told it would be on time,57.0,21.2,1208.4,2.0,RT4,Y
ABZ581,N,N,4.0,12.0,4.0,No communication,108.0,36.99,3994.92,3.0,,Y
ACZ636,N,N,6.0,4.0,2.0,Told it would be on time,111.0,18.18,2017.98,2.0,SS3,Y
AXX172,N,N,6.0,2.0,1.0,Told it would be on time,51.0,12.98,661.98,2.0,CX4,Y
AYY404,Y,Y,11.0,9.0,3.0,No communication,168.0,316.07,53099.76,17.0,MT4,N
ABZ581,N,N,6.0,6.0,2.0,Told it would be on time,88.0,36.99,3255.12,3.0,TM2,Y
ABZ581,Y,N,13.0,10.0,4.0,Told it would be on time,16.0,36.99,591.84,3.0,TM2,Y
ABZ581,Y,N,11.0,6.0,2.0,Told it would be on time,49.0,36.99,1812.51,3.0,TM2,Y
ABZ582,N,N,10.0,1.0,1.0,Told it would be on time,12.0,72.73,872.76,7.0,TM2,Y
AXX172,N,N,6.0,7.0,3.0,Told it would be on time,60.0,12.98,778.8,2.0,CX4,Y
ABZ581,N,N,7.0,5.0,2.0,Told it would be on time,38.0,36.99,1405.62,3.0,TM2,Y
AAZ212,N,N,7.0,5.0,2.0,Told it would be on time,74.0,21.2,1568.8,2.0,RT4,Y
