material,mgmt_escalated,ordered_inside_lead_time,phone_calls_placed,received_on_time,req_date_month,req_date_qtr,supplier_warning,units_ordered,price,total_order,lead_time,supplier
ACZ636,Y,N,13,Y,11,4,No communication,181,18.18,3290.58,2,SS3
AXX172,N,,4,N,2,1,No communication,38,12.98,493.24,2,CX4
AYY404,Y,Y,12,N,2,1,Told it would be late,73,316.07,23073.11,17,MT4
AXX172,N,N,12,Y,6,2,Told it would be on time,137,12.98,1778.26,2,CX4
AXX172,Y,N,8,Y,6,2,No communication,183,12.98,,2,CX4
AXX172,N,N,6,Y,1,1,Told it would be on time,67,12.98,869.66,2,CX4
ACZ636,N,N,10,Y,7,3,Told it would be on time,154,18.18,2799.72,2,SS3
ACZ636,Y,Y,15,Y,10,4,Told it would be on time,56,18.18,1018.08,2,SS3
ACZ636,N,N,12,Y,8,3,Told it would be on time,53,18.18,963.54,2,SS3
ABZ582,N,N,5,Y,4,2,No communication,71,72.73,5163.83,7,TM2
AXX171,N,Y,9,N,10,4,Told it would be late,48,7.11,341.28,1,CX4
AXX171,N,N,7,Y,8,3,Told it would be on time,106,7.11,753.66,1,CX4
AXX172,N,N,11,Y,4,2,Told it would be on time,76,12.98,986.48,2,CX4
ACZ636,N,Y,5,N,4,2,Told it would be late,34,18.18,618.12,2,SS3
ACZ633,Y,N,14,Y,9,3,Told it would be on time,182,1268.68,230899.76,21,SS3
ACZ636,N,Y,7,N,8,3,No communication,134,18.18,2436.12,2,SS3
ABZ581,N,N,4,Y,8,3,No communication,27,36.99,998.73,3,TM2
AYY404,N,N,9,Y,1,1,Told it would be on time,99,316.07,31290.93,17,MT4
ABZ581,N,N,9,Y,6,2,Told it would be on time,116,36.99,4290.84,3,TM2
ABZ581,N,N,6,Y,1,1,Told it would be on time,40,36.99,1479.6,3,TM2
AYY404,Y,Y,11,N,9,3,No communication,168,316.07,53099.76,17,MT4
AYY404,Y,N,9,Y,4,2,Told it would be on time,115,316.07,36348.05,17,MT4
AAZ212,Y,N,10,Y,2,1,Told it would be on time,56,21.2,1187.2,2,RT4
AXX171,N,,6,N,12,4,Told it would be late,83,7.11,590.13,1,CX4
AXX172,N,N,6,Y,6,2,Told it would be on time,88,12.98,1142.24,2,CX4
ABZ582,N,N,9,Y,1,1,Told it would be on time,147,72.73,10691.31,7,TM2
AXX171,Y,N,8,Y,3,1,Told it would be on time,39,7.11,277.29,1,CX4
ABZ581,Y,N,13,Y,3,1,Told it would be on time,49,36.99,1812.51,3,TM2
ACZ636,N,Y,8,N,11,4,Told it would be late,86,18.18,1563.48,2,SS3
AXX171,N,N,9,Y,3,1,Told it would be on time,123,7.11,874.53,1,CX4
ACZ636,N,N,5,Y,10,4,Told it would be on time,11,18.18,199.98,2,SS3
ACZ636,N,Y,7,N,5,2,,51,18.18,927.18,2,SS3
ACZ636,Y,N,12,Y,7,3,No communication,137,18.18,2490.66,2,SS3
ABZ581,N,N,4,Y,,4,Told it would be on time,35,36.99,1294.65,3,TM2
AZY333,N,Y,8,N,6,2,No communication,97,1879.9,182350.3,12,MT4
ABZ581,N,N,10,Y,3,1,Told it would be on time,18,36.99,665.82,3,TM2
ACZ636,N,N,,Y,6,2,Told it would be on time,177,18.18,3217.86,2,SS3
AAZ212,N,Y,5,Y,3,1,Told it would be on time,50,21.2,1060,2,RT4
AAZ212,N,N,7,Y,1,1,Told it would be on time,60,21.2,1272,2,RT4
ABZ582,N,Y,5,Y,11,4,No communication,64,72.73,4654.72,7,TM2
AXX171,N,N,5,Y,2,1,Told it would be on time,29,7.11,206.19,1,CX4
AXX172,N,N,10,Y,1,1,Told it would be late,99,12.98,1285.02,2,CX4
AXX172,N,N,10,Y,11,4,Told it would be on time,136,12.98,1765.28,2,CX4
AXX171,N,N,9,Y,10,4,Told it would be on time,87,7.11,618.57,1,CX4
AXX172,N,Y,6,Y,3,1,Told it would be on time,123,12.98,1596.54,2,CX4
AAZ122,Y,Y,12,N,6,2,No communication,118,988.21,116608.78,14,RT4
AXX172,N,N,6,Y,12,4,Told it would be on time,55,12.98,713.9,2,CX4
AAZ212,N,Y,6,Y,1,1,No communication,91,21.2,1929.2,2,RT4
ABZ582,N,N,13,Y,1,1,Told it would be late,180,72.73,13091.4,7,TM2
AXX171,Y,N,12,Y,9,3,Told it would be on time,95,7.11,675.45,1,CX4
ACZ636,Y,Y,11,N,12,4,Told it would be late,174,18.18,3163.32,2,SS3
AYY404,N,Y,7,N,4,2,Told it would be late,99,316.07,31290.93,17,MT4
ABZ582,N,N,10,Y,6,2,Told it would be on time,127,72.73,9236.71,7,TM2
ABZ582,N,Y,9,Y,10,4,Told it would be on time,139,72.73,10109.47,7,TM2
ACZ636,N,N,5,Y,8,3,Told it would be on time,69,18.18,1254.42,2,SS3
ACZ633,N,N,8,Y,12,4,Told it would be on time,16,1268.68,20298.88,21,SS3
ACZ636,Y,Y,11,N,9,3,Told it would be late,67,18.18,1218.06,2,SS3
AXX171,N,N,6,N,2,1,Told it would be late,37,7.11,263.07,1,CX4
ACZ636,N,N,6,Y,2,1,Told it would be on time,42,18.18,763.56,2,SS3
ABZ581,N,N,7,Y,6,2,Told it would be on time,35,36.99,1294.65,3,TM2
,N,N,9,Y,13,3,Told it would be on time,108,18.18,1963.44,2,SS3
ABZ581,N,N,7,Y,5,2,Told it would be on time,76,36.99,2811.24,3,TM2
AXX172,,N,6,Y,9,3,No communication,59,12.98,765.82,2,CX4
AXX171,N,N,8,Y,2,1,Told it would be on time,33,7.11,234.63,1,CX4
ABZ582,Y,Y,13,Y,7,3,Told it would be late,166,72.73,12073.18,7,TM2
ABZ582,N,N,9,Y,12,4,No communication,46,72.73,3345.58,7,TM2
AXX172,N,Y,7,N,,1,Told it would be late,136,12.98,1765.28,2,CX4
AAZ212,N,N,9,N,3,1,No communication,40,21.2,848,2,RT4
AXX172,Y,Y,8,N,3,1,No communication,84,12.98,1090.32,2,CX4
AAZ122,,N,9,Y,,4,Told it would be late,123,988.21,121549.83,14,RT4
AXX172,N,Y,5,Y,9,3,Told it would be on time,-29,12.98,1388.86,2,CX4
ABZ581,Y,N,13,Y,10,4,Told it would be on time,16,36.99,591.84,3,TM2
AXX172,N,Y,8,N,7,3,Told it would be on time,144,12.98,1869.12,2,CX4
AZY333,N,N,8,Y,5,2,Told it would be on time,92,1879.9,172950.8,12,MT4
AAZ122,Y,N,16,Y,9,3,Told it would be on time,73,988.21,72139.33,14,RT4
ABZ581,N,Y,6,Y,3,1,Told it would be on time,195,36.99,7213.05,3,TM2
AXX171,N,N,8,N,9,3,No communication,103,7.11,732.33,1,CX4
ACZ633,Y,Y,12,N,4,2,Told it would be on time,186,1268.68,235974.48,21,SS3
AXX171,N,N,10,Y,12,4,Told it would be on time,98,7.11,696.78,1,CX4
AXX172,N,N,5,Y,6,2,No communication,28,12.98,363.44,2,CX4
AAZ122,N,N,7,Y,2,1,No communication,128,988.21,126490.88,14,RT4
AYY404,N,N,11,Y,2,1,No communication,144,316.07,45514.08,17,MT4
AAZ212,N,N,9,Y,13,2,Told it would be on time,132,21.2,2798.4,2,RT4
AAZ122,N,N,11,Y,5,2,Told it would be on time,79,988.21,78068.59,14,RT4
AXX172,N,Y,4,N,6,2,No communication,125,12.98,1622.5,2,CX4
ABZ582,N,N,9,Y,5,2,Told it would be on time,47,72.73,3418.31,7,TM2
AXX171,N,N,7,Y,8,3,Told it would be on time,38,7.11,270.18,1,CX4
AYY404,N,N,5,Y,12,4,Told it would be late,97,316.07,30658.79,17,MT4
ACZ636,N,N,6,Y,1,1,No communication,179,18.18,3254.22,2,SS3
AAZ122,Y,Y,11,Y,12,4,Told it would be on time,162,988.21,160090.02,14,RT4
AAZ212,Y,N,10,Y,9,3,Told it would be on time,93,21.2,1971.6,2,RT4
AXX172,N,Y,5,N,5,2,Told it would be late,35,12.98,454.3,2,CX4
AYY404,N,N,8,Y,6,2,Told it would be on time,126,316.07,39824.82,17,MT4
AAZ212,N,N,4,Y,12,4,Told it would be on time,93,21.2,1971.6,2,RT4
ABZ581,Y,N,18,Y,8,3,Told it would be on time,118,36.99,4364.82,3,TM2
AXX171,Y,Y,11,Y,6,2,Told it would be on time,53,7.11,376.83,1,CX4
AYY404,Y,Y,13,N,6,6,Told it would be late,77,316.07,24337.39,17,MT4
AAZ212,N,N,5,Y,11,4,No communication,90,21.2,1908,2,RT4
AXX172,Y,N,9,Y,2,1,Told it would be on time,57,12.98,739.86,2,CX4
ABZ581,N,N,7,Y,5,2,No communication,32,36.99,,3,TM2
AXX171,N,N,10,Y,9,3,Told it would be late,51,7.11,362.61,1,CX4
AYY404,N,N,6,Y,12,4,Told it would be on time,88,316.07,27814.16,17,MT4
AAZ212,N,N,7,Y,5,2,Told it would be on time,74,21.2,1568.8,2,RT4
AXX171,N,N,7,Y,4,2,No communication,32,7.11,227.52,1,CX4
AAZ212,Y,Y,16,Y,2,1,Told it would be on time,180,21.2,3816,2,RT4
AAZ212,N,N,6,Y,8,3,Told it would be on time,86,21.2,1823.2,2,RT4
ABZ581,Y,N,11,Y,6,2,Told it would be on time,49,36.99,1812.51,3,TM2
ACZ636,N,N,7,Y,8,3,Told it would be on time,29,18.18,527.22,2,SS3
ABZ582,Y,N,13,Y,6,2,Told it would be on time,58,72.73,4218.34,7,TM2
AAZ212,N,Y,7,N,1,1,No communication,137,21.2,2904.4,2,RT4
ACZ636,N,N,10,Y,2,1,Told it would be on time,86,18.18,1563.48,2,SS3
AAZ212,,N,7,Y,12,4,Told it would be on time,60,21.2,1272,2,RT4
ACZ636,Y,N,12,Y,5,2,Told it would be late,52,18.18,945.36,2,SS3
AXX172,N,Y,7,N,3,1,Told it would be late,30,12.98,389.4,2,CX4
ABZ581,N,N,7,Y,8,3,Told it would be late,101,36.99,3735.99,3,TM2
AYY404,N,Y,9,N,1,1,No communication,49,316.07,15487.43,17,MT4
AXX171,N,Y,7,N,5,2,No communication,74,7.11,526.14,1,CX4
AAZ212,N,N,7,Y,1,1,Told it would be on time,30,21.2,636,2,RT4
ABZ582,N,N,6,Y,5,2,Told it would be on time,88,72.73,6400.24,7,TM2
AXX171,Y,N,12,Y,3,1,Told it would be on time,31,7.11,220.41,1,CX4
ABZ581,N,N,8,Y,11,4,Told it would be on time,54,36.99,1997.46,3,TM2
ACZ636,N,N,6,Y,4,2,Told it would be on time,111,18.18,2017.98,2,SS3
AAZ212,Y,N,14,Y,3,1,Told it would be on time,134,21.2,2840.8,2,RT4
AYY404,Y,N,11,Y,1,1,Told it would be on time,49,316.07,15487.43,17,MT4
ACZ633,N,Y,7,N,12,4,No communication,73,1268.68,92613.64,21,SS3
ABZ581,Y,N,11,Y,2,1,Told it would be on time,131,36.99,4845.69,3,TM2
ACZ633,N,Y,6,N,7,3,Told it would be late,45,1268.68,57090.6,21,SS3
ABZ581,N,N,10,Y,6,2,Told it would be on time,86,36.99,3181.14,3,TM2
ACZ636,N,N,16,Y,7,3,Told it would be on time,119,18.18,2163.42,2,SS3
ABZ581,N,Y,9,N,11,4,No communication,57,36.99,2108.43,3,TM2
ACZ636,N,Y,7,N,6,2,Told it would be on time,57,18.18,1036.26,2,SS3
ABZ581,N,N,7,Y,10,4,No communication,72,36.99,2663.28,3,TM2
AAZ122,N,N,6,N,5,2,Told it would be late,181,988.21,178866.01,14,RT4
AAZ212,N,N,,Y,4,2,Told it would be on time,56,21.2,1187.2,2,RT4
AXX172,N,N,7,Y,3,1,Told it would be on time,38,12.98,493.24,2,CX4
AAZ212,Y,Y,11,N,4,2,Told it would be late,147,21.2,3116.4,2,RT4
AYY404,Y,Y,15,Y,5,2,No communication,82,316.07,25917.74,17,MT4
ABZ582,Y,N,10,Y,9,3,Told it would be on time,76,72.73,5527.48,7,TM2
AAZ212,N,N,7,Y,3,1,Told it would be on time,126,21.2,2671.2,2,RT4
AXX171,N,N,9,Y,8,3,Told it would be late,44,7.11,312.84,1,CX4
AYY404,Y,N,11,Y,3,1,Told it would be late,132,316.07,41721.24,17,MT4
AAZ122,N,Y,5,N,12,4,No communication,64,988.21,63245.44,14,RT4
AYY404,Y,Y,12,N,9,3,Told it would be late,34,316.07,10746.38,17,MT4
AYY404,N,Y,5,N,12,4,Told it would be late,73,316.07,23073.11,17,MT4
AYY404,Y,N,13,Y,6,2,Told it would be on time,83,316.07,26233.81,17,MT4
AAZ212,N,N,6,Y,12,4,No communication,32,21.2,678.4,2,RT4
AXX172,Y,N,13,Y,12,4,Told it would be on time,156,12.98,2024.88,2,CX4
ACZ636,N,Y,4,N,5,2,Told it would be late,38,18.18,690.84,2,SS3
AXX172,Y,Y,11,N,9,3,Told it would be late,112,12.98,1453.76,2,CX4
ABZ582,N,N,5,Y,6,2,No communication,22,72.73,1600.06,7,TM2
AYY404,N,Y,10,N,11,4,Told it would be late,75,316.07,23705.25,17,MT4
AAZ212,Y,N,15,Y,6,2,Told it would be on time,154,21.2,3264.8,2,RT4
ACZ636,N,N,6,Y,12,4,Told it would be on time,105,18.18,1908.9,2,SS3
ABZ582,N,N,7,Y,3,1,Told it would be on time,64,72.73,4654.72,7,TM2
AAZ212,N,N,7,Y,5,2,Told it would be on time,110,21.2,2332,2,RT4
ACZ636,N,N,7,Y,10,4,Told it would be on time,21,18.18,381.78,2,SS3
AYY404,N,Y,7,N,3,1,Told it would be late,145,316.07,45830.15,17,MT4
ABZ581,N,N,3,Y,10,4,Told it would be on time,9,36.99,332.91,3,TM2
AYY404,Y,N,13,Y,3,1,Told it would be on time,109,316.07,34451.63,17,MT4
ACZ636,N,N,7,Y,5,2,No communication,133,18.18,2417.94,2,SS3
AYY404,N,N,5,Y,6,2,Told it would be late,33,316.07,10430.31,17,MT4
AXX171,Y,N,17,N,4,2,No communication,172,7.11,1222.92,1,CX4
ACZ636,N,Y,3,N,3,1,No communication,42,18.18,763.56,2,SS3
AXX171,N,N,6,Y,1,1,Told it would be on time,62,7.11,440.82,1,CX4
AAZ212,N,N,5,Y,11,4,Told it would be on time,94,21.2,1992.8,2,RT4
ACZ636,Y,N,9,Y,,3,Told it would be on time,116,18.18,2108.88,2,SS3
AXX172,N,Y,5,Y,2,1,Told it would be late,38,12.98,493.24,2,CX4
ABZ582,N,N,8,Y,6,2,Told it would be on time,7,72.73,509.11,7,TM2
AAZ212,N,N,9,Y,3,1,No communication,56,21.2,1187.2,2,RT4
AXX172,N,N,6,N,12,4,No communication,5,12.98,64.9,2,CX4
AYY404,N,N,5,Y,6,2,Told it would be on time,21,316.07,6637.47,17,MT4
ABZ582,N,N,7,Y,7,3,Told it would be on time,73,72.73,5309.29,7,TM2
AXX172,N,N,5,Y,8,3,Told it would be on time,59,12.98,765.82,2,CX4
ABZ582,Y,N,14,Y,8,3,Told it would be late,59,72.73,4291.07,7,TM2
ABZ582,N,N,7,Y,9,3,Told it would be on time,63,72.73,4581.99,7,TM2
AXX171,Y,N,11,Y,6,2,Told it would be on time,190,7.11,1350.9,1,CX4
ABZ582,N,N,8,Y,3,1,Told it would be on time,89,72.73,6472.97,7,TM2
AXX171,N,N,8,Y,8,3,No communication,89,7.11,632.79,1,CX4
AYY404,N,Y,6,N,1,1,Told it would be late,89,316.07,28130.23,17,MT4
ACZ636,N,N,4,Y,1,1,Told it would be on time,92,18.18,1672.56,2,SS3
AAZ212,N,N,9,Y,12,4,Told it would be on time,47,21.2,996.4,2,RT4
ACZ633,Y,Y,23,N,2,1,No communication,190,1268.68,241049.2,21,SS3
AXX172,N,N,9,Y,7,3,No communication,113,12.98,1466.74,2,CX4
AXX172,N,N,9,Y,7,3,Told it would be on time,97,12.98,1259.06,2,CX4
AAZ212,N,N,9,Y,4,2,No communication,35,21.2,742,2,RT4
ABZ581,N,N,5,Y,6,2,Told it would be on time,43,36.99,1590.57,3,TM2
,Y,N,11,Y,4,2,Told it would be on time,64,21.2,1356.8,2,RT4
ACZ633,N,N,8,N,5,2,Told it would be on time,34,1268.68,43135.12,21,SS3
ABZ581,N,N,6,Y,4,2,Told it would be on time,50,36.99,1849.5,3,TM2
AXX172,Y,N,16,Y,12,4,No communication,53,12.98,687.94,2,CX4
ACZ636,Y,N,9,Y,8,3,Told it would be late,69,18.18,1254.42,2,SS3
AXX171,N,N,5,Y,4,2,Told it would be on time,51,7.11,362.61,1,CX4
ACZ636,N,N,5,Y,1,1,Told it would be on time,127,18.18,2308.86,2,SS3
AYY404,N,N,8,Y,8,3,Told it would be on time,89,316.07,28130.23,17,MT4
AZY333,Y,Y,11,N,12,4,Told it would be late,106,1879.9,199269.4,12,MT4
AXX171,N,N,5,Y,3,1,Told it would be on time,,7.11,405.27,1,CX4
ACZ636,Y,N,14,Y,10,4,No communication,116,18.18,2108.88,2,SS3
ABZ581,N,N,8,Y,10,4,Told it would be on time,57,36.99,2108.43,3,TM2
ABZ582,N,N,7,Y,4,2,Told it would be on time,142,72.73,10327.66,7,TM2
ACZ636,N,N,5,N,5,2,Told it would be late,78,18.18,1418.04,2,SS3
AXX172,N,N,5,Y,12,4,No communication,59,12.98,765.82,2,CX4
AAZ212,N,N,9,Y,8,3,No communication,45,21.2,954,2,RT4
AXX172,N,N,10,Y,12,4,Told it would be on time,137,12.98,1778.26,2,CX4
AXX171,N,N,4,Y,2,1,Told it would be late,44,7.11,312.84,1,CX4
AAZ212,Y,N,11,N,,4,No communication,27,21.2,572.4,2,RT4
ABZ581,Y,Y,30,N,2,1,Told it would be late,146,36.99,5400.54,3,TM2
AXX171,N,N,5,Y,4,2,Told it would be on time,39,7.11,277.29,1,CX4
ACZ633,Y,Y,12,N,12,4,No communication,115,1268.68,145898.2,21,SS3
ABZ582,Y,N,13,Y,8,3,No communication,149,72.73,10836.77,7,TM2
ABZ581,N,Y,9,Y,6,2,Told it would be on time,194,36.99,7176.06,3,TM2
AXX172,N,Y,7,Y,3,1,Told it would be on time,69,12.98,895.62,2,CX4
ACZ636,,N,6,Y,6,2,No communication,36,18.18,,2,SS3
ACZ636,N,Y,6,Y,9,3,Told it would be on time,37,18.18,672.66,2,SS3
ACZ636,N,Y,7,N,4,2,Told it would be on time,136,18.18,2472.48,2,SS3
AAZ212,N,N,8,Y,2,1,Told it would be on time,57,21.2,1208.4,2,RT4
AXX172,N,Y,11,Y,6,2,No communication,94,12.98,1220.12,2,CX4
AAZ212,Y,N,11,Y,5,2,Told it would be late,54,21.2,1144.8,2,RT4
AAZ212,N,N,6,Y,8,3,No communication,40,21.2,848,2,RT4
ACZ636,Y,Y,18,Y,12,4,Told it would be on time,87,18.18,1581.66,2,SS3
AXX172,N,N,5,Y,9,3,Told it would be late,57,12.98,739.86,2,CX4
AXX171,N,N,12,Y,2,1,Told it would be on time,60,7.11,426.6,1,CX4
AXX172,N,Y,8,Y,4,2,Told it would be on time,112,12.98,1453.76,2,CX4
AXX171,N,N,7,Y,6,2,Told it would be on time,71,7.11,504.81,1,CX4
AXX172,N,Y,6,N,12,4,Told it would be late,40,12.98,519.2,2,CX4
ACZ636,N,N,12,Y,5,2,Told it would be on time,84,18.18,1527.12,2,SS3
ACZ636,N,N,7,Y,11,4,Told it would be on time,95,18.18,1727.1,2,SS3
AXX172,Y,N,11,Y,5,2,Told it would be on time,77,12.98,999.46,2,CX4
ACZ636,N,N,10,Y,7,3,Told it would be on time,66,18.18,1199.88,2,SS3
ABZ582,N,Y,9,Y,10,4,No communication,136,72.73,9891.28,7,TM2
ACZ636,N,N,9,Y,3,1,Told it would be on time,87,18.18,1581.66,2,SS3
AXX172,Y,N,12,Y,9,3,No communication,97,12.98,1259.06,2,CX4
ABZ582,N,N,9,Y,6,2,No communication,90,72.73,6545.7,7,TM2
ABZ582,Y,N,12,Y,8,3,Told it would be on time,84,72.73,6109.32,7,TM2
AXX171,N,,5,N,9,3,Told it would be late,18,7.11,127.98,1,CX4
ABZ582,N,N,10,Y,8,3,Told it would be on time,76,72.73,5527.48,7,TM2
AXX172,N,N,6,Y,6,2,Told it would be on time,61,12.98,791.78,2,CX4
AAZ212,N,N,8,Y,9,3,Told it would be on time,22,21.2,466.4,2,RT4
ACZ636,Y,N,12,Y,8,3,Told it would be on time,135,18.18,2454.3,2,SS3
AXX172,N,N,5,Y,3,1,Told it would be on time,52,12.98,674.96,2,CX4
AAZ122,N,N,9,Y,7,3,Told it would be on time,82,988.21,81033.22,14,RT4
ACZ636,N,Y,6,N,3,1,Told it would be late,54,18.18,981.72,2,SS3
ABZ582,Y,N,13,Y,3,1,Told it would be on time,72,72.73,5236.56,7,TM2
ABZ582,N,Y,9,N,1,1,No communication,35,72.73,2545.55,7,TM2
ACZ633,N,,7,N,9,3,No communication,80,1268.68,101494.4,21,SS3
AXX171,N,N,6,Y,9,3,Told it would be on time,62,7.11,440.82,1,CX4
AXX172,N,N,8,Y,9,3,No communication,37,12.98,480.26,2,CX4
AXX171,N,N,5,Y,12,4,Told it would be on time,38,7.11,270.18,1,CX4
AXX172,N,Y,8,Y,2,1,No communication,82,12.98,1064.36,2,CX4
AAZ212,N,N,7,Y,13,4,No communication,73,21.2,1547.6,2,RT4
ABZ582,N,N,5,Y,8,3,Told it would be on time,18,72.73,1309.14,7,TM2
AYY404,N,Y,6,N,7,3,No communication,32,316.07,10114.24,17,MT4
AAZ212,Y,N,17,Y,3,1,Told it would be on time,137,21.2,2904.4,2,RT4
AXX171,N,Y,5,N,6,2,Told it would be late,42,7.11,298.62,1,CX4
ABZ581,N,N,5,Y,6,2,Told it would be on time,100,36.99,3699,3,TM2
ACZ636,N,N,9,Y,1,1,Told it would be on time,18,18.18,327.24,2,SS3
AAZ212,Y,N,13,Y,8,3,Told it would be on time,102,21.2,2162.4,2,RT4
AXX172,N,N,5,Y,2,1,Told it would be late,39,12.98,506.22,2,CX4
AXX172,N,Y,9,N,9,3,Told it would be late,26,12.98,337.48,2,CX4
AXX171,N,N,6,Y,3,1,Told it would be on time,54,7.11,383.94,1,CX4
AXX172,Y,Y,12,N,12,4,Told it would be late,103,12.98,1336.94,2,CX4
ABZ582,Y,N,9,Y,8,3,Told it would be on time,154,72.73,11200.42,7,TM2
ABZ581,N,N,9,Y,8,3,No communication,13,36.99,480.87,3,TM2
ACZ636,N,Y,6,N,6,2,Told it would be late,31,18.18,563.58,2,SS3
ABZ581,N,Y,5,N,7,3,Told it would be late,40,36.99,1479.6,3,TM2
AXX171,N,Y,8,N,9,3,No communication,148,7.11,1052.28,1,CX4
AAZ212,N,Y,8,Y,12,4,Told it would be on time,40,21.2,848,2,RT4
AXX171,N,N,6,Y,2,1,Told it would be on time,61,7.11,433.71,1,CX4
AXX171,N,N,9,Y,12,4,Told it would be on time,134,7.11,952.74,1,CX4
ABZ581,N,N,7,Y,5,2,Told it would be on time,,36.99,406.89,3,TM2
ABZ581,N,N,10,Y,9,3,,54,36.99,1997.46,3,TM2
ABZ582,N,N,10,Y,1,1,Told it would be on time,12,72.73,872.76,7,TM2
AXX172,N,N,9,Y,10,4,No communication,20,12.98,259.6,2,CX4
ABZ581,N,N,4,Y,2,1,Told it would be on time,27,36.99,998.73,3,TM2
ABZ582,N,N,9,Y,4,2,Told it would be on time,27,72.73,1963.71,7,TM2
AAZ122,N,N,10,N,8,3,No communication,65,988.21,64233.65,14,RT4
AZY333,N,Y,8,N,6,2,Told it would be late,120,1879.9,225588,12,MT4
AZY333,N,Y,5,N,3,1,No communication,23,1879.9,43237.7,12,MT4
AAZ212,N,Y,6,Y,3,1,Told it would be on time,79,21.2,1674.8,2,RT4
AXX171,N,N,10,Y,12,4,No communication,41,7.11,291.51,1,CX4
AXX172,N,N,7,Y,3,1,Told it would be on time,54,12.98,700.92,2,CX4
AAZ212,N,Y,5,Y,3,1,Told it would be on time,100,,2120,2,RT4
AXX172,N,Y,4,N,12,4,No communication,12,12.98,155.76,2,CX4
AAZ212,N,N,5,Y,4,2,Told it would be on time,54,21.2,1144.8,2,RT4
AXX171,N,N,7,Y,7,3,Told it would be late,68,7.11,483.48,1,CX4
ABZ581,N,Y,4,Y,9,3,Told it would be on time,142,36.99,5252.58,3,TM2
ACZ636,Y,N,15,Y,12,4,Told it would be on time,116,18.18,2108.88,2,SS3
AZY333,N,Y,5,N,7,3,Told it would be late,97,1879.9,182350.3,12,MT4
ABZ581,N,N,9,Y,3,1,Told it would be on time,60,36.99,2219.4,3,TM2
AAZ212,N,N,9,Y,5,2,Told it would be on time,125,21.2,2650,2,RT4
AXX172,N,N,6,N,9,3,No communication,20,12.98,259.6,2,CX4
AAZ212,N,N,6,Y,11,4,Told it would be late,64,21.2,1356.8,2,RT4
ABZ582,N,N,9,Y,3,1,Told it would be on time,107,72.73,7782.11,7,TM2
AAZ122,Y,Y,14,N,5,2,,125,988.21,123526.25,14,RT4
AXX172,N,Y,8,Y,10,4,Told it would be on time,135,12.98,1752.3,2,CX4
AXX172,N,Y,8,Y,1,1,Told it would be late,29,12.98,376.42,2,CX4
ACZ636,N,N,8,Y,6,2,Told it would be on time,66,18.18,1199.88,2,SS3
AXX172,N,N,8,Y,13,1,Told it would be on time,62,12.98,804.76,2,CX4
ABZ581,N,N,8,Y,2,1,Told it would be on time,43,36.99,1590.57,3,TM2
ABZ581,N,Y,10,N,3,1,No communication,106,36.99,3920.94,3,TM2
AXX171,Y,N,13,Y,8,3,No communication,122,7.11,867.42,1,CX4
AYY404,N,N,6,Y,10,4,Told it would be on time,77,316.07,24337.39,17,MT4
AAZ212,N,N,7,Y,2,1,Told it would be on time,64,21.2,1356.8,2,RT4
AXX172,N,Y,8,N,7,3,No communication,87,12.98,1129.26,2,CX4
AAZ212,Y,Y,11,Y,7,3,Told it would be on time,128,21.2,2713.6,2,RT4
ABZ581,N,Y,9,N,10,4,Told it would be late,94,36.99,3477.06,3,TM2
AXX172,N,N,9,Y,12,4,Told it would be on time,163,12.98,2115.74,2,CX4
AAZ122,Y,N,12,Y,6,2,Told it would be on time,39,988.21,38540.19,14,RT4
ACZ636,N,Y,8,N,9,6,Told it would be late,32,18.18,581.76,2,SS3
ACZ636,N,N,6,Y,1,1,Told it would be on time,62,18.18,1127.16,2,SS3
ACZ636,N,N,6,Y,2,1,Told it would be on time,6,18.18,109.08,2,SS3
AAZ122,N,Y,5,N,12,6,Told it would be late,32,988.21,31622.72,14,RT4
AXX171,N,N,9,Y,11,4,Told it would be on time,56,7.11,398.16,1,CX4
AXX171,N,N,9,Y,12,4,Told it would be on time,32,7.11,227.52,1,CX4
ABZ582,N,N,6,Y,8,3,No communication,96,72.73,6982.08,7,TM2
AXX172,N,N,8,Y,10,,No communication,77,12.98,999.46,2,CX4
AYY404,N,Y,7,N,12,4,Told it would be late,62,316.07,19596.34,17,MT4
AAZ212,N,N,7,Y,7,3,Told it would be on time,50,21.2,1060,2,RT4
ACZ636,N,Y,7,N,4,2,No communication,14,18.18,254.52,2,SS3
ABZ582,Y,N,13,Y,9,3,Told it would be on time,190,72.73,13818.7,7,TM2
AXX172,N,N,9,Y,2,1,No communication,128,12.98,1661.44,2,CX4
AYY404,Y,N,13,Y,12,4,No communication,104,316.07,32871.28,17,MT4
ACZ633,Y,Y,11,Y,12,4,Told it would be on time,163,1268.68,206794.84,21,SS3
AAZ212,N,N,8,Y,9,3,Told it would be on time,32,21.2,678.4,2,RT4
AYY404,N,N,6,N,1,1,Told it would be late,115,316.07,36348.05,17,MT4
AYY404,N,Y,10,N,6,2,Told it would be on time,125,316.07,39508.75,17,MT4
AAZ212,N,Y,8,N,10,4,No communication,91,21.2,1929.2,2,RT4
ABZ582,N,N,7,N,8,3,Told it would be late,138,72.73,10036.74,7,TM2
ABZ582,Y,N,12,Y,2,1,Told it would be on time,71,72.73,5163.83,7,TM2
AAZ122,N,N,9,Y,8,3,Told it would be on time,132,988.21,130443.72,14,RT4
AXX172,N,N,5,Y,12,4,Told it would be late,32,12.98,415.36,2,CX4
AYY404,N,Y,9,N,2,1,No communication,35,316.07,11062.45,17,MT4
AYY404,Y,Y,13,N,9,3,Told it would be late,33,316.07,10430.31,17,MT4
ACZ636,N,N,9,Y,6,2,Told it would be on time,125,18.18,2272.5,2,SS3
,Y,N,12,Y,4,2,Told it would be on time,,72.73,8145.76,7,
AYY404,N,N,8,Y,7,3,Told it would be late,84,316.07,26549.88,17,MT4
ABZ582,Y,Y,11,N,7,3,Told it would be late,118,72.73,8582.14,7,TM2
ABZ581,N,N,6,Y,3,1,Told it would be on time,47,36.99,1738.53,3,TM2
ABZ582,N,N,10,Y,11,4,Told it would be on time,89,72.73,6472.97,7,TM2
ACZ636,N,Y,4,N,8,3,Told it would be late,46,18.18,836.28,2,SS3
AAZ212,N,N,8,Y,10,4,Told it would be on time,154,21.2,3264.8,2,RT4
ABZ581,N,N,9,Y,5,2,Told it would be late,128,36.99,4734.72,3,TM2
ABZ582,N,N,4,Y,12,4,No communication,4,72.73,290.92,7,TM2
AYY404,N,N,4,Y,9,3,No communication,43,316.07,13591.01,17,MT4
AXX172,N,Y,4,Y,4,2,Told it would be on time,41,12.98,532.18,2,CX4
ABZ582,N,N,8,N,12,4,Told it would be late,52,72.73,3781.96,7,TM2
AXX172,N,N,8,Y,7,3,No communication,43,12.98,558.14,2,CX4
AXX172,N,Y,6,N,1,1,Told it would be late,37,12.98,480.26,2,CX4
AAZ122,N,Y,8,N,12,4,Told it would be late,42,988.21,41504.82,14,RT4
ABZ581,Y,N,16,Y,10,4,Told it would be on time,88,36.99,3255.12,3,TM2
ABZ581,Y,N,16,Y,7,3,Told it would be on time,98,36.99,3625.02,3,TM2
AAZ212,Y,N,13,Y,2,1,No communication,38,21.2,805.6,2,RT4
AXX171,N,N,8,Y,5,2,Told it would be late,91,7.11,647.01,1,CX4
AYY404,N,Y,6,N,6,2,Told it would be late,17,316.07,5373.19,17,MT4
ABZ581,N,N,7,Y,9,3,No communication,48,36.99,1775.52,3,TM2
ACZ636,N,N,5,Y,8,3,No communication,24,18.18,436.32,2,SS3
ACZ636,N,N,8,Y,6,2,Told it would be on time,155,18.18,2817.9,2,SS3
AXX172,Y,N,9,Y,3,1,No communication,89,12.98,1155.22,2,CX4
ABZ581,N,Y,7,N,8,3,Told it would be late,31,36.99,1146.69,3,TM2
ABZ582,N,N,6,Y,7,3,Told it would be on time,47,72.73,3418.31,7,TM2
AXX171,N,N,4,Y,13,1,Told it would be on time,42,7.11,298.62,1,CX4
AXX171,N,N,8,Y,11,4,Told it would be on time,138,7.11,981.18,1,CX4
ABZ582,N,N,7,Y,4,2,No communication,135,72.73,9818.55,7,TM2
AAZ122,N,Y,5,N,9,3,Told it would be on time,108,988.21,106726.68,14,RT4
AAZ212,N,N,5,Y,8,3,Told it would be on time,53,21.2,1123.6,2,RT4
ABZ582,N,N,9,Y,6,2,Told it would be on time,90,72.73,6545.7,7,TM2
AXX171,N,Y,8,N,6,2,Told it would be late,29,7.11,206.19,1,CX4
ABZ582,N,N,7,Y,3,1,Told it would be on time,61,72.73,4436.53,7,TM2
AAZ212,N,N,7,Y,6,2,Told it would be on time,,21.2,911.6,2,RT4
ACZ636,N,Y,5,N,12,4,No communication,30,18.18,545.4,2,SS3
ABZ581,Y,N,16,Y,9,3,Told it would be on time,102,36.99,3772.98,3,TM2
AXX171,N,N,10,Y,1,1,Told it would be on time,119,7.11,846.09,1,CX4
AAZ212,N,Y,6,Y,4,2,Told it would be on time,120,21.2,2544,2,RT4
ABZ582,N,N,5,Y,8,3,Told it would be on time,22,72.73,1600.06,7,TM2
AYY404,N,N,8,Y,6,2,Told it would be on time,49,316.07,15487.43,17,MT4
ACZ636,N,Y,7,N,3,1,Told it would be late,88,18.18,1599.84,2,SS3
ABZ581,N,N,9,Y,3,1,Told it would be on time,45,36.99,1664.55,3,TM2
AXX172,N,N,9,N,9,3,Told it would be late,91,12.98,1181.18,2,CX4
AYY404,N,Y,6,N,5,2,Told it would be late,22,316.07,6953.54,17,MT4
AXX172,Y,Y,17,N,3,1,No communication,104,12.98,1349.92,2,CX4
ABZ582,N,N,8,Y,8,3,No communication,41,72.73,2981.93,7,TM2
ACZ636,N,Y,6,N,4,2,Told it would be late,42,18.18,763.56,2,SS3
ABZ582,N,N,7,Y,10,4,Told it would be on time,66,72.73,4800.18,7,TM2
AAZ122,N,Y,7,N,7,3,Told it would be late,71,988.21,70162.91,14,RT4
AXX172,N,N,7,Y,12,4,Told it would be on time,118,12.98,1531.64,2,CX4
AAZ212,N,N,6,Y,3,1,Told it would be on time,14,21.2,296.8,2,RT4
AYY404,N,N,5,Y,9,3,Told it would be on time,37,316.07,11694.59,17,MT4
ACZ636,N,N,6,Y,3,1,Told it would be on time,44,18.18,799.92,2,SS3
AAZ122,N,N,10,N,11,4,Told it would be late,15,988.21,14823.15,14,RT4
AAZ212,N,Y,7,Y,9,3,Told it would be on time,95,21.2,2014,2,RT4
ABZ581,N,Y,9,N,12,4,Told it would be late,138,36.99,5104.62,3,TM2
AXX171,N,N,10,Y,7,3,Told it would be on time,33,7.11,234.63,1,CX4
ABZ581,Y,Y,13,N,10,4,No communication,75,36.99,2774.25,3,TM2
AZY333,N,Y,10,N,4,2,Told it would be late,65,1879.9,122193.5,12,MT4
ACZ636,N,Y,10,N,3,1,Told it would be late,135,18.18,2454.3,2,SS3
AAZ212,N,N,6,Y,10,4,Told it would be on time,32,21.2,678.4,2,RT4
ACZ636,Y,N,13,Y,6,2,Told it would be on time,133,18.18,2417.94,2,SS3
AXX172,Y,N,14,Y,2,1,Told it would be on time,91,12.98,1181.18,2,CX4
AYY404,Y,Y,10,N,8,3,No communication,69,316.07,,17,MT4
ABZ581,N,N,7,Y,6,2,Told it would be on time,97,36.99,3588.03,3,TM2
AYY404,N,Y,7,N,9,3,Told it would be late,108,316.07,34135.56,17,MT4
ACZ636,N,Y,5,N,8,3,No communication,10,18.18,181.8,2,SS3
AXX172,N,Y,8,N,7,3,No communication,15,12.98,194.7,2,CX4
AXX172,N,N,14,Y,10,4,Told it would be on time,47,12.98,610.06,2,CX4
AXX172,N,Y,8,N,6,2,No communication,60,12.98,778.8,2,CX4
AXX172,Y,Y,12,N,4,2,Told it would be on time,57,12.98,739.86,2,CX4
AAZ212,N,N,8,Y,10,4,Told it would be late,110,21.2,2332,2,RT4
AYY404,N,Y,6,N,9,3,Told it would be late,60,316.07,18964.2,17,MT4
ABZ582,Y,N,32,Y,4,2,Told it would be on time,39,72.73,2836.47,7,TM2
ACZ636,Y,N,12,Y,2,1,No communication,35,18.18,636.3,2,SS3
AAZ212,N,N,7,Y,10,4,Told it would be on time,11,21.2,233.2,2,RT4
AAZ212,N,Y,9,Y,5,2,Told it would be on time,43,21.2,911.6,2,RT4
AYY404,N,Y,10,N,12,4,No communication,113,316.07,35715.91,17,MT4
AXX172,N,N,10,Y,6,2,No communication,34,12.98,441.32,2,CX4
ABZ582,N,N,8,Y,12,4,Told it would be on time,116,72.73,8436.68,7,TM2
AXX172,N,N,10,Y,1,1,Told it would be on time,58,12.98,752.84,2,CX4
ABZ581,Y,Y,13,Y,2,1,Told it would be on time,184,36.99,6806.16,3,TM2
AXX172,N,N,9,Y,2,1,No communication,145,12.98,1882.1,2,CX4
ABZ581,N,N,8,Y,6,2,Told it would be on time,62,36.99,2293.38,3,TM2
AAZ212,N,N,6,Y,,1,No communication,87,92435,1844.4,2,RT4
ABZ582,N,N,8,Y,7,3,Told it would be late,74,72.73,5382.02,7,TM2
ABZ581,N,N,6,Y,7,3,Told it would be on time,178,36.99,6584.22,3,TM2
ACZ636,Y,N,11,Y,9,3,Told it would be on time,206,18.18,3745.08,2,SS3
,N,N,8,Y,4,2,,66,,469.26,1,CX4
ABZ582,N,N,7,Y,4,2,Told it would be on time,89,72.73,6472.97,7,TM2
ABZ582,N,N,9,Y,7,3,Told it would be on time,77,72.73,5600.21,7,TM2
AYY404,N,Y,8,N,11,4,No communication,38,316.07,12010.66,17,MT4
AAZ212,N,Y,7,Y,11,4,Told it would be late,60,21.2,1272,2,RT4
AXX172,Y,N,9,Y,8,3,Told it would be on time,49,12.98,636.02,2,CX4
ABZ581,N,N,6,Y,5,2,Told it would be on time,60,36.99,2219.4,3,TM2
AXX172,Y,N,16,Y,9,3,Told it would be late,138,12.98,1791.24,2,CX4
ABZ581,Y,Y,12,Y,8,3,No communication,31,36.99,1146.69,3,TM2
ABZ582,N,Y,10,N,9,3,No communication,56,72.73,4072.88,7,TM2
AYY404,N,N,6,Y,11,4,Told it would be on time,28,316.07,8849.96,17,MT4
ABZ582,N,N,6,Y,4,2,Told it would be on time,78,72.73,5672.94,7,TM2
AAZ212,N,N,6,Y,11,4,Told it would be on time,140,21.2,2968,2,RT4
ABZ581,N,N,7,Y,5,2,Told it would be on time,38,36.99,1405.62,3,TM2
AXX171,Y,N,16,Y,3,1,Told it would be on time,131,7.11,931.41,1,CX4
AXX172,N,N,4,Y,12,4,Told it would be late,40,12.98,519.2,2,CX4
AAZ212,N,N,10,Y,9,3,Told it would be on time,83,21.2,1759.6,2,RT4
AXX172,N,N,12,Y,9,3,Told it would be on time,44,12.98,571.12,2,CX4
AYY404,N,N,7,Y,3,1,Told it would be late,75,316.07,23705.25,17,MT4
ACZ636,N,N,10,Y,9,3,Told it would be on time,156,18.18,2836.08,2,SS3
AXX172,N,N,11,Y,3,1,Told it would be late,86,12.98,1116.28,2,CX4
AYY404,N,N,8,Y,13,2,Told it would be on time,115,316.07,36348.05,17,MT4
ACZ636,N,N,5,Y,3,1,Told it would be on time,57,18.18,1036.26,2,SS3
AAZ212,N,Y,5,Y,9,3,Told it would be on time,48,21.2,1017.6,2,RT4
ABZ582,N,N,7,Y,8,3,No communication,75,72.73,5454.75,7,TM2
AYY404,N,N,5,Y,1,1,Told it would be on time,25,316.07,7901.75,17,MT4
ABZ581,N,N,7,Y,6,2,Told it would be on time,53,36.99,1960.47,3,TM2
AXX171,N,N,10,Y,3,1,Told it would be on time,115,7.11,817.65,1,CX4
ACZ636,Y,Y,11,N,7,3,Told it would be late,46,18.18,836.28,2,SS3
AYY404,N,Y,11,N,6,2,No communication,53,316.07,16751.71,17,MT4
AAZ212,N,N,7,Y,6,2,No communication,115,21.2,2438,2,RT4
AYY404,N,Y,9,N,12,4,Told it would be late,47,316.07,14855.29,17,MT4
AAZ212,N,N,4,Y,3,,Told it would be on time,72,21.2,1526.4,2,RT4
AXX172,N,Y,8,N,9,3,Told it would be late,69,12.98,895.62,2,CX4
AXX172,N,N,5,Y,2,1,Told it would be on time,54,12.98,700.92,2,CX4
AAZ212,Y,N,13,Y,7,3,No communication,106,21.2,2247.2,2,RT4
AXX171,Y,Y,11,N,13,4,Told it would be on time,116,7.11,824.76,1,CX4
AXX172,N,N,6,Y,5,2,No communication,40,12.98,519.2,2,CX4
AXX171,N,N,5,Y,12,4,Told it would be on time,13,7.11,92.43,1,CX4
ABZ581,Y,N,11,Y,3,1,Told it would be on time,201,36.99,7434.99,3,TM2
AAZ212,N,N,9,N,12,4,Told it would be on time,135,21.2,2862,2,RT4
ACZ636,N,N,9,Y,3,1,Told it would be on time,110,18.18,1999.8,2,SS3
ABZ582,N,Y,9,Y,8,3,Told it would be on time,40,80345,2909.2,7,TM2
AXX171,N,Y,6,Y,6,2,Told it would be on time,111,7.11,789.21,1,CX4
ABZ581,N,N,4,Y,12,4,No communication,108,36.99,3994.92,3,
AXX172,N,N,4,Y,8,3,Told it would be on time,40,12.98,519.2,2,CX4
AXX172,N,Y,7,N,2,1,Told it would be late,70,12.98,908.6,2,CX4
ABZ581,N,N,10,Y,6,2,No communication,61,36.99,2256.39,3,TM2
AXX172,N,Y,7,N,11,4,No communication,35,12.98,454.3,2,CX4
ACZ636,N,N,8,Y,9,3,Told it would be on time,36,18.18,654.48,2,SS3
AAZ122,N,Y,5,N,2,1,Told it would be late,123,988.21,121549.83,14,RT4
AXX171,N,Y,8,Y,3,1,No communication,140,7.11,995.4,1,CX4
ABZ582,N,N,7,Y,9,3,Told it would be on time,34,72.73,2472.82,7,TM2
AXX172,Y,N,12,Y,5,2,Told it would be on time,118,12.98,1531.64,2,CX4
ABZ581,Y,N,20,Y,9,3,Told it would be on time,56,36.99,2071.44,3,TM2
ABZ581,N,Y,9,Y,9,3,Told it would be on time,32,36.99,1183.68,3,TM2
AXX172,N,N,7,Y,8,3,Told it would be on time,93,12.98,1207.14,2,CX4
AAZ212,N,Y,9,Y,12,4,No communication,105,21.2,2226,2,RT4
ACZ636,N,Y,9,N,1,1,Told it would be on time,72,18.18,1308.96,2,SS3
AAZ212,Y,N,10,Y,3,1,Told it would be late,27,21.2,572.4,2,RT4
ABZ581,Y,Y,12,Y,5,2,Told it would be on time,72,36.99,2663.28,3,TM2
AYY404,N,Y,7,N,12,4,Told it would be late,132,316.07,41721.24,17,MT4
ABZ581,N,N,12,Y,2,1,Told it would be on time,206,36.99,7619.94,3,TM2
AYY404,N,Y,5,N,6,2,No communication,40,316.07,12642.8,17,MT4
AXX172,N,N,6,Y,7,3,Told it would be late,76,12.98,986.48,2,CX4
AXX171,Y,N,12,Y,5,2,Told it would be on time,91,7.11,647.01,1,CX4
ACZ636,N,,8,N,9,3,No communication,136,18.18,2472.48,2,SS3
AAZ122,Y,N,14,Y,6,2,Told it would be on time,133,988.21,131431.93,14,RT4
ABZ582,N,Y,8,Y,8,6,Told it would be on time,149,72.73,10836.77,7,TM2
ACZ636,N,Y,4,N,10,4,Told it would be late,15,18.18,272.7,2,SS3
ACZ636,N,N,8,Y,8,3,Told it would be on time,63,18.18,1145.34,2,SS3
AAZ122,N,N,5,Y,7,3,Told it would be on time,123,988.21,121549.83,14,RT4
ABZ581,N,N,5,Y,6,2,Told it would be on time,29,36.99,1072.71,3,TM2
ACZ636,Y,N,15,Y,12,,Told it would be on time,116,18.18,,2,SS3
AYY404,N,Y,6,N,13,3,Told it would be late,17,316.07,5373.19,17,MT4
AYY404,N,N,5,Y,5,2,Told it would be on time,52,316.07,16435.64,17,MT4
AYY404,N,N,10,Y,9,3,Told it would be late,87,316.07,27498.09,17,MT4
AAZ212,Y,,18,Y,12,4,Told it would be on time,126,21.2,2671.2,2,RT4
,N,N,6,Y,2,1,Told it would be on time,24,7.11,170.64,1,CX4
AXX172,Y,N,8,Y,5,2,Told it would be late,54,12.98,700.92,2,CX4
AAZ122,N,N,7,Y,11,4,No communication,87,988.21,85974.27,14,RT4
AAZ212,N,N,6,Y,4,2,Told it would be on time,33,21.2,699.6,2,RT4
AYY404,N,Y,6,Y,3,1,Told it would be late,21,316.07,6637.47,17,MT4
ACZ636,N,N,4,Y,6,2,Told it would be on time,26,18.18,472.68,2,SS3
AAZ122,Y,Y,12,N,7,3,Told it would be late,123,988.21,121549.83,14,RT4
ACZ636,N,N,5,Y,6,2,Told it would be on time,86,18.18,1563.48,2,SS3
AXX171,Y,Y,11,N,9,3,Told it would be on time,109,7.11,774.99,1,CX4
AXX171,N,Y,7,N,3,1,Told it would be late,44,7.11,312.84,1,CX4
AAZ212,Y,N,15,Y,4,2,Told it would be on time,157,21.2,3328.4,2,RT4
AAZ212,N,N,7,Y,12,4,Told it would be on time,40,21.2,848,2,RT4
AAZ212,N,N,10,Y,5,2,Told it would be on time,75,21.2,1590,2,RT4
AAZ212,N,N,7,Y,8,3,Told it would be on time,45,21.2,954,2,RT4
ACZ636,N,N,6,Y,9,3,Told it would be on time,131,18.18,2381.58,2,SS3
ACZ636,Y,N,18,Y,1,1,Told it would be on time,146,18.18,2654.28,2,SS3
AYY404,N,Y,7,Y,6,2,Told it would be on time,22,316.07,6953.54,17,MT4
AXX172,N,N,8,Y,6,2,Told it would be on time,86,12.98,1116.28,2,CX4
AAZ122,N,Y,6,N,12,4,Told it would be late,67,988.21,66210.07,14,RT4
AAZ122,N,Y,6,N,1,1,Told it would be late,66,988.21,65221.86,14,RT4
ABZ582,N,N,5,Y,12,4,Told it would be on time,87,72.73,6327.51,7,TM2
AXX171,N,N,11,Y,3,1,Told it would be on time,188,7.11,1336.68,1,CX4
ABZ581,N,Y,5,Y,6,2,No communication,88,36.99,3255.12,3,TM2
AXX171,N,N,7,Y,8,3,Told it would be on time,55,7.11,391.05,1,CX4
AAZ212,N,N,10,Y,3,1,No communication,92,21.2,1950.4,2,RT4
AAZ212,N,N,6,Y,12,4,Told it would be on time,56,21.2,1187.2,2,RT4
ABZ582,Y,N,13,Y,4,2,Told it would be on time,187,72.73,13600.51,7,TM2
ABZ582,N,N,5,Y,9,3,Told it would be on time,113,72.73,8218.49,7,TM2
ABZ582,Y,N,9,Y,8,3,Told it would be on time,79,72.73,5745.67,7,TM2
AXX172,N,N,5,Y,7,3,Told it would be on time,78,12.98,1012.44,2,CX4
AXX172,Y,N,12,Y,9,3,Told it would be on time,72,12.98,934.56,2,CX4
AXX172,N,Y,7,N,8,3,No communication,32,12.98,415.36,2,CX4
ACZ636,N,N,4,Y,5,2,Told it would be on time,34,18.18,618.12,2,SS3
AXX171,N,N,10,Y,11,4,Told it would be on time,113,7.11,803.43,1,CX4
AYY404,N,N,6,N,4,2,No communication,86,316.07,27182.02,17,MT4
ABZ582,N,N,9,Y,11,4,Told it would be on time,97,72.73,7054.81,7,TM2
ABZ582,Y,N,10,Y,2,1,Told it would be on time,136,72.73,9891.28,,TM2
ABZ581,N,N,9,Y,12,4,Told it would be late,165,36.99,6103.35,3,
ACZ633,N,Y,6,N,11,4,Told it would be late,50,1268.68,63434,21,SS3
AXX172,N,N,5,Y,11,4,Told it would be late,157,12.98,2037.86,2,CX4
AXX171,N,N,10,Y,11,4,No communication,29,7.11,206.19,1,CX4
ACZ636,N,Y,5,N,10,4,No communication,161,18.18,2926.98,2,SS3
AYY404,N,N,8,Y,9,3,Told it would be on time,36,316.07,11378.52,17,MT4
ABZ582,N,N,7,Y,9,3,Told it would be on time,125,72.73,9091.25,7,TM2
ABZ582,N,N,9,Y,12,4,Told it would be on time,32,72.73,2327.36,7,TM2
ABZ581,Y,N,15,Y,5,2,Told it would be on time,87,36.99,3218.13,3,TM2
ACZ636,N,Y,6,N,2,1,Told it would be late,138,18.18,2508.84,2,SS3
AAZ212,Y,N,14,Y,8,3,Told it would be on time,105,21.2,2226,2,RT4
AYY404,N,N,8,Y,9,3,Told it would be on time,68,316.07,21492.76,17,MT4
AYY404,Y,N,19,Y,4,2,Told it would be late,58,316.07,,17,MT4
AAZ212,N,N,9,Y,9,3,Told it would be on time,93,21.2,1971.6,2,RT4
AXX172,N,N,9,Y,7,3,No communication,55,12.98,713.9,2,CX4
AXX171,Y,N,10,Y,4,2,No communication,22,7.11,156.42,1,CX4
ABZ582,N,N,6,Y,3,1,Told it would be on time,24,72.73,1745.52,7,TM2
AXX172,Y,N,17,Y,4,2,Told it would be on time,93,12.98,1207.14,2,CX4
AXX171,N,N,7,Y,11,4,No communication,112,7.11,796.32,1,CX4
AXX171,N,Y,7,Y,2,1,Told it would be on time,67,7.11,476.37,1,CX4
ACZ636,N,N,6,Y,7,3,Told it would be on time,24,18.18,436.32,2,SS3
AXX172,N,Y,7,N,10,4,Told it would be late,28,12.98,363.44,2,CX4
AYY404,N,Y,7,N,3,1,Told it would be late,65,316.07,20544.55,17,MT4
AXX172,N,N,6,Y,3,1,Told it would be on time,60,12.98,778.8,2,
AXX172,N,N,9,Y,5,2,No communication,113,12.98,1466.74,2,CX4
AAZ212,N,N,10,Y,9,3,Told it would be on time,26,21.2,551.2,2,RT4
AXX171,N,Y,7,N,3,1,Told it would be late,156,7.11,1109.16,1,CX4
AXX172,N,N,5,Y,6,2,Told it would be on time,26,12.98,337.48,2,CX4
AXX171,N,Y,6,Y,11,4,Told it would be late,40,7.11,284.4,1,CX4
AAZ212,Y,N,9,Y,6,2,Told it would be on time,175,21.2,3710,2,RT4
AAZ122,Y,Y,11,N,12,4,Told it would be on time,33,988.21,32610.93,14,RT4
AAZ122,N,N,7,Y,7,3,Told it would be on time,102,988.21,100797.42,14,RT4
ACZ636,N,N,7,Y,10,4,Told it would be on time,154,18.18,2799.72,2,SS3
ACZ636,N,Y,6,N,9,3,Told it would be late,33,18.18,599.94,2,SS3
AYY404,N,N,6,Y,12,4,Told it would be on time,67,316.07,21176.69,17,MT4
ACZ633,Y,N,17,Y,8,3,Told it would be on time,195,1268.68,247392.6,21,SS3
ACZ636,N,Y,7,N,3,1,Told it would be late,81,18.18,1472.58,2,SS3
AXX171,Y,N,8,Y,11,4,Told it would be on time,89,7.11,632.79,1,CX4
AYY404,N,Y,10,N,7,3,Told it would be late,110,316.07,34767.7,17,MT4
AAZ212,N,Y,5,Y,9,3,Told it would be on time,41,21.2,869.2,2,RT4
AXX172,N,N,6,Y,9,3,Told it would be late,12,12.98,155.76,2,CX4
AXX171,N,N,8,Y,7,3,Told it would be on time,92,7.11,654.12,1,CX4
AXX172,Y,N,16,N,4,2,Told it would be late,158,12.98,2050.84,2,CX4
AXX172,N,N,,Y,7,3,Told it would be on time,40,12.98,,2,CX4
ABZ582,Y,N,11,Y,4,2,Told it would be late,155,72.73,11273.15,7,TM2
AXX172,Y,N,18,Y,4,2,Told it would be on time,160,12.98,2076.8,2,CX4
AXX172,N,N,5,Y,4,2,Told it would be late,37,12.98,480.26,2,CX4
ACZ636,N,N,10,Y,12,4,Told it would be on time,138,18.18,2508.84,2,SS3
AYY404,N,N,7,Y,2,1,Told it would be on time,130,316.07,41089.1,17,MT4
AYY404,N,Y,9,N,9,3,Told it would be late,18,316.07,5689.26,17,MT4
AAZ212,Y,N,11,Y,11,4,Told it would be on time,132,21.2,2798.4,2,RT4
AXX172,N,N,6,Y,3,1,Told it would be on time,41,12.98,532.18,2,CX4
ACZ636,N,N,8,Y,12,4,Told it would be on time,51,18.18,927.18,2,SS3
ACZ636,N,N,6,Y,7,3,No communication,122,18.18,2217.96,2,SS3
ABZ581,N,N,8,Y,10,,Told it would be on time,33,36.99,1220.67,3,TM2
ABZ582,Y,N,12,Y,12,4,Told it would be on time,40,72.73,2909.2,7,TM2
ABZ581,N,N,7,Y,9,3,Told it would be on time,88,36.99,3255.12,3,TM2
ABZ581,N,Y,6,N,6,2,Told it would be late,68,36.99,2515.32,3,TM2
ACZ636,N,Y,6,N,8,3,Told it would be late,31,18.18,563.58,2,SS3
AYY404,N,N,9,Y,2,1,No communication,22,316.07,6953.54,17,MT4
ACZ636,N,Y,8,Y,7,3,No communication,12,18.18,218.16,2,SS3
AXX172,Y,N,16,Y,12,4,No communication,171,12.98,2219.58,2,CX4
ACZ636,N,Y,9,N,9,3,Told it would be late,23,18.18,418.14,2,SS3
AAZ212,N,N,9,Y,5,2,Told it would be on time,124,21.2,2628.8,2,RT4
AXX171,N,N,7,Y,7,3,Told it would be late,28,7.11,199.08,1,CX4
AAZ212,N,N,6,Y,12,4,No communication,36,21.2,763.2,2,RT4
AXX172,Y,N,18,Y,2,1,Told it would be on time,144,12.98,1869.12,2,CX4
ABZ582,N,N,6,Y,3,1,Told it would be on time,93,72.73,6763.89,7,TM2
ACZ636,N,Y,9,N,3,1,No communication,80,18.18,1454.4,2,SS3
AAZ122,N,Y,9,N,12,4,No communication,113,988.21,111667.73,14,RT4
AAZ122,Y,N,12,N,3,1,,107,988.21,,14,RT4
AYY404,N,Y,5,N,2,1,Told it would be late,20,316.07,6321.4,17,MT4
AXX172,N,Y,5,N,7,3,No communication,150,12.98,1947,2,CX4
ABZ581,N,N,8,Y,10,4,Told it would be on time,74,36.99,2737.26,3,TM2
ACZ633,Y,N,12,N,4,2,Told it would be late,45,1268.68,57090.6,21,SS3
AAZ122,N,Y,4,N,3,1,Told it would be late,111,988.21,109691.31,14,RT4
AAZ212,N,N,8,Y,12,4,Told it would be on time,17,21.2,360.4,2,RT4
AXX172,N,N,6,Y,2,1,Told it would be on time,51,12.98,661.98,2,CX4
ABZ582,Y,N,9,Y,8,3,Told it would be on time,62,72.73,4509.26,7,TM2
ABZ581,N,N,5,Y,4,2,Told it would be late,23,36.99,850.77,3,TM2
ACZ636,N,N,6,Y,1,1,Told it would be on time,30,18.18,545.4,2,SS3
ACZ636,N,N,8,Y,4,2,Told it would be on time,111,18.18,2017.98,2,SS3
AXX172,Y,N,15,Y,12,4,Told it would be on time,51,12.98,661.98,2,CX4
AXX172,Y,N,13,Y,7,3,Told it would be on time,109,12.98,1414.82,2,CX4
ABZ582,N,N,6,Y,7,3,No communication,36,,2618.28,7,TM2
AAZ212,Y,Y,19,Y,1,1,Told it would be on time,177,21.2,3752.4,2,RT4
ABZ582,N,Y,7,N,3,1,No communication,53,72.73,3854.69,7,TM2
AZY333,Y,Y,13,N,1,1,Told it would be late,117,1879.9,219948.3,12,MT4
ACZ633,N,Y,4,N,1,1,No communication,59,1268.68,74852.12,21,SS3
ABZ582,N,N,7,Y,10,4,Told it would be late,106,72.73,7709.38,7,TM2
AAZ212,N,N,10,Y,9,3,No communication,120,21.2,2544,2,RT4
ACZ636,N,N,6,Y,11,4,Told it would be on time,122,18.18,2217.96,2,SS3
AAZ212,N,Y,7,Y,3,1,Told it would be on time,148,21.2,3137.6,2,RT4
AYY404,N,N,5,Y,8,3,Told it would be on time,78,316.07,24653.46,17,MT4
ABZ582,Y,N,16,Y,4,2,Told it would be on time,14,72.73,1018.22,7,TM2
AXX172,N,Y,5,N,6,2,No communication,85,12.98,1103.3,2,CX4
ABZ582,N,N,8,Y,12,4,Told it would be on time,70,72.73,5091.1,7,TM2
AXX172,N,Y,8,Y,8,3,Told it would be on time,21,12.98,272.58,2,CX4
AAZ122,N,Y,7,N,11,4,Told it would be late,22,988.21,21740.62,14,RT4
ACZ636,N,N,10,Y,10,4,No communication,186,18.18,3381.48,2,SS3
AAZ212,N,N,9,Y,12,4,Told it would be late,27,21.2,572.4,2,RT4
AXX172,N,N,9,Y,10,4,No communication,187,12.98,2427.26,2,CX4
ABZ582,N,Y,6,Y,8,3,No communication,84,72.73,6109.32,7,TM2
AXX171,N,N,4,Y,13,3,Told it would be on time,79,7.11,561.69,1,CX4
AAZ212,N,N,8,Y,3,1,No communication,97,21.2,2056.4,2,RT4
AAZ212,N,N,8,Y,11,4,Told it would be on time,40,21.2,848,2,RT4
AXX172,N,Y,5,Y,4,2,Told it would be on time,167,12.98,2167.66,2,CX4
AXX172,N,Y,8,Y,7,3,Told it would be on time,67,12.98,869.66,2,CX4
AXX172,Y,N,16,Y,7,3,No communication,105,12.98,1362.9,2,CX4
AXX171,N,N,6,Y,1,1,Told it would be on time,55,7.11,391.05,1,CX4
ABZ581,Y,N,11,Y,7,3,Told it would be on time,27,36.99,998.73,3,TM2
AYY404,Y,N,13,N,12,4,No communication,118,316.07,37296.26,17,MT4
ACZ636,N,Y,10,N,3,1,No communication,80,18.18,1454.4,2,SS3
AXX171,N,Y,10,Y,3,1,Told it would be on time,81,7.11,575.91,1,CX4
ABZ581,N,N,5,Y,6,2,No communication,55,36.99,2034.45,3,TM2
AYY404,N,Y,8,N,4,2,Told it would be late,43,316.07,13591.01,17,MT4
AXX171,N,N,7,Y,1,1,Told it would be on time,72,7.11,511.92,1,CX4
ACZ636,N,N,8,Y,4,2,No communication,145,18.18,2636.1,2,SS3
AXX172,Y,Y,13,N,11,4,Told it would be late,104,12.98,1349.92,2,CX4
ACZ636,N,N,7,Y,11,4,Told it would be on time,43,18.18,781.74,2,SS3
ACZ636,N,Y,5,N,4,2,Told it would be late,126,18.18,2290.68,2,SS3
ACZ636,N,Y,8,N,12,4,Told it would be late,110,18.18,1999.8,2,SS3
ABZ582,N,N,6,Y,5,2,Told it would be on time,69,72.73,5018.37,7,TM2
ABZ581,Y,Y,15,N,11,4,No communication,163,36.99,6029.37,3,TM2
AXX171,N,Y,7,N,12,4,Told it would be on time,45,7.11,319.95,1,CX4
ABZ582,N,Y,9,Y,7,3,Told it would be on time,84,72.73,6109.32,7,TM2
ABZ582,N,N,9,Y,12,4,Told it would be on time,174,72.73,12655.02,7,TM2
AXX172,Y,N,9,Y,3,1,Told it would be on time,75,12.98,973.5,2,CX4
AYY404,N,N,6,N,3,1,Told it would be late,26,316.07,8217.82,17,MT4
ACZ636,N,N,8,Y,6,6,Told it would be on time,126,18.18,2290.68,2,SS3
AXX171,N,N,6,Y,10,4,Told it would be on time,52,7.11,369.72,1,CX4
AXX172,N,Y,5,Y,2,1,Told it would be late,15,12.98,194.7,2,CX4
AAZ122,N,Y,9,N,11,4,Told it would be late,89,988.21,87950.69,14,RT4
AYY404,N,N,5,Y,6,2,Told it would be on time,35,316.07,11062.45,17,MT4
ABZ581,N,N,6,Y,1,1,No communication,61,36.99,2256.39,3,TM2
ABZ581,N,N,8,Y,1,1,Told it would be on time,25,36.99,924.75,3,TM2
AYY404,N,N,5,Y,9,3,Told it would be on time,116,316.07,36664.12,17,MT4
AXX171,N,Y,10,N,8,3,No communication,70,7.11,497.7,1,CX4
ACZ636,N,N,5,Y,11,4,Told it would be on time,40,18.18,727.2,2,SS3
AXX172,N,Y,8,Y,4,2,Told it would be on time,80,12.98,1038.4,2,CX4
AXX171,N,N,5,Y,6,2,Told it would be on time,168,7.11,1194.48,1,CX4
AAZ212,N,N,4,Y,4,2,Told it would be late,16,21.2,339.2,2,RT4
AXX171,N,N,10,Y,1,1,Told it would be on time,43,7.11,305.73,1,CX4
AXX172,N,Y,5,N,7,3,Told it would be late,23,12.98,298.54,2,CX4
AAZ212,N,N,6,Y,1,1,Told it would be on time,74,21.2,1568.8,2,RT4
ABZ581,N,Y,8,N,6,2,Told it would be late,102,36.99,3772.98,3,TM2
AYY404,N,N,7,N,7,3,No communication,21,316.07,6637.47,17,MT4
ACZ636,N,Y,9,N,6,2,Told it would be late,90,18.18,1636.2,2,SS3
AXX171,N,N,6,Y,5,2,Told it would be on time,101,7.11,718.11,1,CX4
ABZ582,N,N,10,Y,5,2,Told it would be on time,31,72.73,2254.63,7,TM2
ACZ636,N,N,10,Y,6,2,Told it would be on time,172,18.18,3126.96,2,SS3
AAZ212,N,N,8,Y,5,2,Told it would be on time,42,21.2,890.4,2,RT4
ACZ636,Y,N,11,N,3,1,Told it would be late,90,18.18,1636.2,2,SS3
ABZ582,N,N,7,Y,9,3,No communication,62,72.73,4509.26,7,TM2
ACZ636,N,N,8,Y,9,3,Told it would be late,160,18.18,2908.8,2,SS3
AAZ122,N,Y,5,N,3,1,Told it would be late,40,988.21,39528.4,14,RT4
AXX172,N,N,6,Y,9,3,Told it would be on time,42,12.98,545.16,2,CX4
ACZ636,N,N,6,Y,10,4,No communication,75,18.18,1363.5,2,SS3
ACZ636,,Y,12,N,9,3,Told it would be late,87,18.18,1581.66,2,SS3
ABZ582,N,N,6,Y,9,3,Told it would be on time,13,72.73,945.49,7,TM2
AAZ212,Y,N,20,Y,12,4,Told it would be on time,88,21.2,1865.6,2,RT4
ACZ633,N,Y,,N,3,1,Told it would be late,11,1268.68,13955.48,21,SS3
AXX171,N,N,7,Y,3,1,Told it would be on time,27,7.11,191.97,1,CX4
ABZ581,N,N,6,Y,6,2,Told it would be on time,88,36.99,3255.12,3,TM2
ACZ633,N,N,6,N,7,3,No communication,38,1268.68,48209.84,21,SS3
AAZ122,N,Y,7,N,11,4,Told it would be late,46,988.21,45457.66,14,RT4
ABZ582,N,N,9,Y,7,3,Told it would be late,35,72.73,2545.55,7,TM2
ABZ581,Y,N,7,Y,10,4,No communication,62,36.99,2293.38,3,TM2
AAZ122,N,N,8,Y,1,1,Told it would be on time,167,988.21,165031.07,14,RT4
AAZ212,N,N,9,Y,4,2,,,,3307.2,2,RT4
AXX172,N,Y,5,N,3,1,Told it would be late,17,12.98,220.66,2,CX4
ACZ636,N,N,8,Y,4,2,Told it would be on time,22,18.18,399.96,2,SS3
AXX172,N,N,8,Y,3,1,Told it would be on time,70,12.98,908.6,2,CX4
,N,N,6,Y,4,2,Told it would be on time,51,72.73,3709.23,7,TM2
AXX172,Y,N,30,Y,7,3,Told it would be on time,148,12.98,1921.04,2,CX4
ABZ581,N,N,9,Y,2,1,Told it would be on time,62,36.99,2293.38,3,TM2
ABZ582,N,N,8,Y,8,3,Told it would be on time,63,72.73,4581.99,7,TM2
ACZ636,N,N,8,Y,6,2,Told it would be on time,185,18.18,3363.3,2,SS3
ACZ636,Y,Y,15,Y,12,4,Told it would be on time,107,18.18,1945.26,2,SS3
ACZ636,N,N,7,Y,9,3,Told it would be on time,64,18.18,1163.52,2,SS3
AXX172,Y,Y,9,N,8,3,Told it would be late,106,12.98,1375.88,2,CX4
AAZ212,N,N,5,Y,5,2,Told it would be on time,99,21.2,2098.8,2,RT4
AAZ212,N,N,7,Y,10,4,No communication,87,21.2,1844.4,2,RT4
,N,N,7,N,4,2,Told it would be late,30,316.07,9482.1,17,
ABZ582,Y,N,13,Y,12,4,No communication,74,72.73,5382.02,7,TM2
AXX172,Y,N,14,Y,9,3,Told it would be on time,203,12.98,2634.94,2,CX4
AXX172,N,Y,9,N,13,4,,43,12.98,558.14,2,CX4
ACZ633,N,N,9,N,2,1,Told it would be on time,54,1268.68,68508.72,21,SS3
AXX171,N,N,8,Y,7,3,Told it would be on time,146,7.11,1038.06,1,CX4
AAZ212,N,N,,Y,2,1,Told it would be on time,93,21.2,1971.6,,RT4
AXX171,N,,7,Y,6,2,Told it would be late,104,7.11,739.44,1,CX4
ABZ581,N,N,6,Y,12,4,Told it would be on time,19,36.99,702.81,3,TM2
AXX172,N,N,5,Y,3,1,No communication,120,12.98,1557.6,2,CX4
AYY404,N,Y,5,N,4,2,No communication,10,316.07,3160.7,17,MT4
ACZ636,N,N,10,Y,2,1,Told it would be on time,41,18.18,745.38,2,SS3
AXX172,Y,N,11,Y,2,1,No communication,42,12.98,545.16,2,CX4
AAZ122,N,N,6,Y,7,3,No communication,31,988.21,30634.51,14,RT4
AXX171,N,N,6,N,12,4,Told it would be late,116,7.11,824.76,1,CX4
ABZ581,Y,Y,11,Y,2,1,Told it would be late,131,36.99,4845.69,3,TM2
ACZ636,Y,N,12,Y,12,4,Told it would be on time,151,18.18,2745.18,2,SS3
AAZ212,Y,N,14,Y,3,1,Told it would be late,198,21.2,4197.6,2,RT4
AAZ212,N,,7,Y,5,2,No communication,34,21.2,720.8,2,RT4
ACZ636,N,N,8,Y,3,1,Told it would be on time,102,18.18,1854.36,2,SS3
AAZ212,Y,N,9,Y,9,3,Told it would be on time,141,21.2,2989.2,2,RT4
ABZ581,N,Y,8,Y,12,4,No communication,118,36.99,4364.82,3,TM2
ACZ636,N,N,7,Y,6,2,Told it would be on time,58,18.18,1054.44,2,SS3
AYY404,N,Y,6,N,3,1,Told it would be late,54,316.07,17067.78,17,MT4
ACZ636,N,Y,5,N,12,4,Told it would be late,51,18.18,927.18,2,SS3
AXX172,N,Y,6,Y,3,1,No communication,64,12.98,830.72,2,CX4
AXX172,N,Y,11,N,10,4,Told it would be late,194,12.98,2518.12,2,CX4
AZY333,N,,7,Y,6,2,Told it would be on time,22,1879.9,41357.8,12,MT4
AAZ212,N,N,8,Y,4,2,Told it would be on time,57,21.2,1208.4,2,RT4
ACZ636,N,N,9,Y,10,4,Told it would be on time,38,18.18,690.84,2,SS3
ABZ582,N,N,6,Y,2,1,Told it would be on time,29,72.73,2109.17,7,
AXX171,N,N,4,Y,8,3,Told it would be on time,24,7.11,170.64,1,CX4
ABZ581,N,N,6,Y,12,4,Told it would be on time,57,36.99,2108.43,3,TM2
AAZ212,N,N,9,Y,9,3,Told it would be on time,90,21.2,1908,2,RT4
ABZ582,Y,N,12,Y,7,3,Told it would be on time,108,72.73,7854.84,7,TM2
AXX171,N,N,9,Y,3,1,Told it would be on time,80,7.11,568.8,1,CX4
AZY333,N,Y,10,N,5,2,No communication,87,1879.9,163551.3,12,MT4
AAZ122,Y,N,15,N,6,2,Told it would be late,52,988.21,51386.92,14,RT4
AAZ212,N,Y,9,Y,9,3,Told it would be on time,139,21.2,2946.8,2,RT4
ABZ581,N,Y,10,N,11,4,No communication,88,36.99,3255.12,3,TM2
ACZ636,N,Y,8,N,11,4,No communication,67,18.18,1218.06,2,SS3
ABZ582,Y,N,9,Y,10,4,Told it would be on time,82,72.73,5963.86,7,TM2
AXX171,N,N,7,Y,1,1,Told it would be on time,48,7.11,341.28,1,CX4
AXX172,N,N,12,Y,3,1,Told it would be on time,91,12.98,1181.18,2,CX4
ABZ581,N,Y,6,N,4,2,Told it would be late,34,36.99,1257.66,3,TM2
AXX172,N,N,3,Y,8,3,Told it would be on time,20,12.98,259.6,2,CX4
,N,N,8,Y,7,3,Told it would be on time,85,988.21,83997.85,14,RT4
AXX172,N,Y,7,Y,1,1,Told it would be late,25,12.98,324.5,2,CX4
ABZ582,N,Y,7,N,9,3,Told it would be late,68,72.73,4945.64,7,TM2
ABZ581,Y,N,17,Y,11,4,No communication,67,36.99,2478.33,3,TM2
AXX171,N,N,10,Y,9,3,Told it would be on time,146,7.11,1038.06,1,CX4
ABZ582,N,Y,10,Y,11,4,Told it would be on time,108,72.73,7854.84,,TM2
AAZ212,Y,N,11,Y,12,4,No communication,67,21.2,1420.4,2,RT4
AYY404,N,Y,8,N,1,1,No communication,134,316.07,42353.38,17,MT4
ABZ581,Y,N,11,Y,8,3,Told it would be on time,170,36.99,6288.3,3,TM2
ABZ581,N,N,8,Y,6,2,Told it would be on time,54,36.99,1997.46,3,TM2
ACZ633,N,N,7,Y,3,1,Told it would be on time,48,1268.68,60896.64,21,SS3
ABZ582,N,N,6,Y,6,2,Told it would be late,51,72.73,3709.23,7,TM2
ABZ581,Y,N,19,Y,10,4,Told it would be on time,152,36.99,5622.48,3,TM2
ACZ633,Y,Y,15,N,10,4,Told it would be on time,170,1268.68,215675.6,21,SS3
AAZ212,N,N,6,Y,5,2,Told it would be on time,62,21.2,1314.4,2,RT4
ACZ636,N,Y,7,N,6,2,Told it would be late,149,18.18,2708.82,2,SS3
AXX172,N,N,6,Y,6,2,Told it would be on time,55,12.98,713.9,2,CX4
AAZ212,N,N,4,Y,9,3,Told it would be on time,36,21.2,763.2,2,RT4
ABZ581,N,N,9,Y,3,1,Told it would be on time,92,36.99,3403.08,3,TM2
AXX172,Y,N,13,Y,8,3,Told it would be on time,168,12.98,2180.64,2,CX4
ACZ636,Y,Y,11,N,13,2,Told it would be late,80,18.18,1454.4,2,SS3
AAZ212,N,N,6,Y,6,2,Told it would be on time,134,21.2,2840.8,2,RT4
AAZ122,N,Y,7,N,5,2,Told it would be late,98,988.21,96844.58,14,RT4
AXX171,N,Y,5,Y,5,2,Told it would be on time,14,7.11,99.54,1,CX4
AYY404,N,Y,8,N,12,6,No communication,140,316.07,44249.8,17,MT4
AXX171,N,Y,10,Y,10,4,Told it would be on time,50,7.11,355.5,1,CX4
AXX171,N,N,5,Y,8,3,Told it would be on time,33,7.11,234.63,1,CX4
AAZ212,N,N,6,Y,1,1,No communication,127,21.2,2692.4,2,RT4
AXX171,N,N,7,Y,6,2,Told it would be on time,53,7.11,376.83,1,CX4
ACZ636,N,Y,6,Y,10,4,No communication,29,18.18,527.22,2,SS3
AXX171,N,Y,7,N,11,4,Told it would be late,137,7.11,974.07,1,CX4
AAZ212,N,N,6,Y,6,2,Told it would be on time,59,21.2,1250.8,2,RT4
ACZ636,N,N,8,Y,9,3,No communication,122,18.18,2217.96,2,SS3
AAZ212,N,Y,7,N,10,4,No communication,12,21.2,254.4,2,RT4
AXX171,N,N,6,Y,9,6,Told it would be late,43,7.11,305.73,1,CX4
AXX171,N,Y,7,N,10,4,No communication,140,7.11,995.4,1,CX4
ABZ581,N,N,10,Y,6,2,No communication,170,36.99,6288.3,3,TM2
AZY333,Y,Y,19,N,8,3,Told it would be late,93,1879.9,174830.7,12,MT4
AYY404,N,Y,7,N,8,3,Told it would be late,69,316.07,21808.83,17,MT4
ABZ581,Y,N,11,Y,11,4,Told it would be on time,82,36.99,3033.18,3,TM2
AYY404,Y,Y,9,N,4,2,Told it would be late,27,316.07,8533.89,17,MT4
ACZ636,N,Y,6,N,6,2,Told it would be late,48,18.18,872.64,2,SS3
AYY404,Y,Y,9,N,4,2,No communication,155,316.07,48990.85,17,MT4
ABZ582,N,N,4,Y,9,3,No communication,29,72.73,2109.17,7,TM2
AXX172,Y,N,12,Y,5,2,Told it would be on time,109,12.98,1414.82,2,CX4
AXX172,N,N,8,Y,6,2,Told it would be on time,96,12.98,1246.08,2,CX4
AYY404,N,Y,7,N,10,4,No communication,55,316.07,17383.85,17,MT4
ABZ582,N,N,5,Y,11,4,Told it would be on time,29,72.73,2109.17,7,TM2
AXX171,N,N,7,N,2,1,Told it would be on time,44,7.11,312.84,1,CX4
AXX171,N,N,16,Y,10,4,Told it would be on time,93,7.11,661.23,1,CX4
AXX172,N,N,8,Y,7,3,Told it would be on time,84,12.98,1090.32,2,CX4
ACZ636,N,N,6,Y,11,4,Told it would be on time,34,18.18,618.12,2,SS3
AXX172,N,Y,4,N,3,1,Told it would be late,15,12.98,194.7,2,CX4
ABZ582,Y,Y,14,Y,11,4,Told it would be on time,120,72.73,8727.6,7,TM2
ACZ636,N,N,7,Y,2,1,Told it would be on time,69,18.18,1254.42,2,SS3
ACZ636,N,Y,7,N,11,4,Told it would be late,100,18.18,1818,2,SS3
ABZ582,N,N,6,Y,5,2,No communication,66,72.73,4800.18,7,TM2
AAZ212,N,N,7,Y,6,2,Told it would be on time,113,21.2,2395.6,2,RT4
AAZ212,Y,N,14,Y,9,3,Told it would be on time,82,21.2,1738.4,2,RT4
ACZ636,N,Y,4,N,9,3,Told it would be late,16,18.18,290.88,2,SS3
ABZ581,N,N,10,Y,3,1,No communication,142,36.99,5252.58,3,TM2
ABZ582,N,N,8,Y,3,1,Told it would be late,62,72.73,4509.26,7,TM2
AXX172,N,N,4,Y,4,2,Told it would be on time,34,12.98,441.32,2,CX4
ACZ636,N,Y,6,N,2,1,Told it would be late,39,18.18,709.02,2,SS3
AAZ212,N,N,9,Y,7,3,No communication,26,21.2,551.2,2,RT4
AAZ212,N,N,8,Y,7,3,No communication,99,21.2,2098.8,2,RT4
AXX171,N,N,6,Y,7,3,No communication,79,7.11,561.69,1,CX4
,N,N,5,Y,9,3,Told it would be on time,23,988.21,22728.83,14,RT4
AXX171,N,N,6,Y,7,3,Told it would be on time,23,7.11,163.53,1,CX4
AAZ122,N,N,5,Y,7,3,Told it would be on time,113,988.21,111667.73,14,RT4
AXX172,N,N,8,Y,6,2,No communication,92,12.98,1194.16,2,CX4
ABZ582,N,N,6,Y,8,3,No communication,21,72.73,1527.33,7,TM2
ACZ636,N,N,6,Y,12,4,Told it would be on time,49,18.18,890.82,2,SS3
ABZ581,N,N,4,Y,1,1,Told it would be on time,79,36.99,2922.21,3,TM2
ACZ636,Y,Y,10,Y,9,3,No communication,62,18.18,1127.16,2,SS3
ACZ636,N,N,7,Y,10,4,Told it would be on time,104,18.18,1890.72,2,SS3
ABZ582,N,N,6,Y,12,4,Told it would be on time,91,72.73,6618.43,7,TM2
ACZ636,N,N,6,Y,5,2,Told it would be on time,21,18.18,381.78,2,SS3
AXX172,Y,N,13,Y,5,2,Told it would be on time,99,12.98,1285.02,2,CX4
AYY404,N,Y,7,Y,12,4,Told it would be on time,66,316.07,20860.62,17,MT4
AYY404,N,N,8,Y,3,1,Told it would be on time,137,316.07,43301.59,17,MT4
AAZ212,N,N,6,Y,1,1,Told it would be on time,48,21.2,1017.6,2,RT4
AYY404,N,Y,7,N,3,1,Told it would be late,47,316.07,14855.29,17,MT4
ABZ582,N,Y,7,Y,5,2,No communication,93,72.73,6763.89,7,TM2
ABZ581,N,N,5,Y,9,6,Told it would be on time,96,36.99,3551.04,3,TM2
ACZ636,N,N,6,Y,3,1,Told it would be on time,151,18.18,2745.18,2,SS3
ABZ582,N,Y,7,Y,8,3,No communication,26,72.73,1890.98,7,TM2
AAZ122,N,Y,5,N,1,1,Told it would be late,87,988.21,85974.27,14,RT4
AZY333,N,Y,8,N,12,4,Told it would be late,74,1879.9,139112.6,12,MT4
AXX172,N,N,4,Y,2,1,Told it would be on time,22,12.98,285.56,2,CX4
ACZ633,N,N,10,N,12,4,No communication,53,1268.68,67240.04,21,SS3
ACZ636,N,Y,8,N,3,1,Told it would be on time,118,18.18,2145.24,2,SS3
AZY333,N,,9,N,12,4,Told it would be late,68,1879.9,127833.2,12,MT4
AAZ122,N,Y,6,Y,3,1,Told it would be late,108,988.21,106726.68,14,RT4
AXX172,N,N,6,Y,7,3,Told it would be on time,60,12.98,778.8,2,CX4
ACZ636,N,N,5,Y,9,3,Told it would be on time,129,18.18,2345.22,2,SS3
AAZ212,N,N,7,Y,1,1,No communication,103,21.2,2183.6,2,RT4
AAZ212,N,N,4,Y,9,3,Told it would be on time,90,21.2,1908,2,RT4
AAZ212,N,N,7,Y,7,3,Told it would be on time,25,21.2,530,2,RT4
ACZ636,N,N,8,Y,11,4,,67,18.18,1218.06,2,SS3
ACZ633,N,Y,6,N,2,1,No communication,70,1268.68,88807.6,21,SS3
ABZ582,N,Y,11,N,6,2,No communication,65,72.73,4727.45,7,TM2
AAZ212,N,N,5,N,6,2,Told it would be late,31,21.2,657.2,2,RT4
ABZ581,N,N,9,Y,10,4,Told it would be on time,29,36.99,1072.71,3,TM2
ABZ582,Y,N,11,Y,5,2,No communication,124,72.73,9018.52,7,TM2
AAZ212,,N,6,Y,10,4,Told it would be on time,32,,678.4,2,RT4
ABZ582,Y,N,12,Y,12,4,Told it would be on time,100,72.73,7273,7,TM2
AXX172,N,N,9,Y,7,3,Told it would be on time,124,12.98,1609.52,2,CX4
ABZ582,N,N,4,Y,1,1,Told it would be on time,55,72.73,4000.15,7,TM2
AYY404,Y,Y,11,Y,2,1,Told it would be on time,110,316.07,34767.7,17,MT4
ACZ636,N,N,8,Y,8,3,Told it would be on time,161,18.18,2926.98,2,SS3
ACZ636,Y,N,9,N,3,1,Told it would be late,,18.18,2217.96,2,SS3
ACZ636,N,N,6,Y,12,4,Told it would be on time,38,18.18,690.84,2,SS3
AYY404,N,,6,N,9,3,No communication,89,316.07,28130.23,17,MT4
AYY404,Y,N,11,N,9,3,Told it would be late,29,316.07,9166.03,17,MT4
ACZ636,N,Y,8,N,6,2,Told it would be late,57,18.18,1036.26,2,SS3
AAZ212,Y,Y,11,N,8,3,No communication,153,21.2,3243.6,2,RT4
AAZ212,N,N,6,Y,5,2,Told it would be on time,41,21.2,869.2,2,RT4
ACZ636,N,Y,5,N,9,3,Told it would be late,33,18.18,599.94,2,SS3
ACZ636,N,N,9,Y,11,4,Told it would be on time,60,18.18,1090.8,2,SS3
AYY404,Y,N,11,Y,8,3,Told it would be on time,53,316.07,16751.71,17,MT4
AXX172,N,Y,7,Y,9,3,Told it would be on time,30,12.98,389.4,2,CX4
AXX171,N,N,8,Y,8,3,Told it would be on time,120,7.11,853.2,1,CX4
ACZ636,Y,N,16,Y,5,2,No communication,91,18.18,1654.38,2,SS3
ACZ636,N,N,8,Y,9,3,Told it would be on time,158,18.18,2872.44,2,SS3
AAZ212,N,N,10,Y,4,2,Told it would be on time,75,21.2,1590,2,RT4
AXX172,N,N,8,Y,7,3,Told it would be on time,45,12.98,584.1,2,CX4
ABZ582,Y,N,13,Y,10,4,Told it would be on time,49,72.73,3563.77,7,TM2
AXX172,Y,N,12,Y,1,1,Told it would be on time,129,12.98,1674.42,2,CX4
ACZ636,N,Y,9,N,1,1,Told it would be late,40,18.18,727.2,2,SS3
ACZ636,N,N,6,Y,4,2,No communication,7,18.18,127.26,2,SS3
AXX172,N,Y,4,N,11,4,Told it would be late,30,12.98,389.4,2,CX4
AYY404,Y,Y,12,N,6,2,Told it would be late,128,316.07,40456.96,17,MT4
AXX171,N,N,6,Y,5,2,Told it would be on time,131,7.11,931.41,1,CX4
ABZ582,N,Y,9,Y,3,1,Told it would be on time,100,72.73,7273,7,TM2
AXX172,N,N,10,Y,3,1,No communication,53,12.98,687.94,2,CX4
AAZ212,Y,N,13,Y,6,2,Told it would be on time,104,21.2,2204.8,2,RT4
ACZ636,Y,N,17,Y,,2,No communication,80,18.18,1454.4,2,SS3
AXX172,N,N,10,Y,11,4,Told it would be on time,-14,12.98,999.46,2,CX4
AXX172,N,Y,6,N,6,2,Told it would be late,66,12.98,856.68,2,CX4
ABZ582,N,N,7,Y,11,4,No communication,61,72.73,4436.53,7,TM2
AXX172,N,N,7,Y,9,3,Told it would be on time,144,12.98,1869.12,2,CX4
AYY404,N,Y,9,N,10,4,Told it would be late,74,316.07,23389.18,17,MT4
AXX172,N,Y,8,N,3,1,Told it would be late,106,12.98,1375.88,2,CX4
AXX172,N,Y,10,N,1,1,Told it would be on time,95,12.98,1233.1,2,CX4
AXX172,N,Y,8,N,12,4,Told it would be late,-33,12.98,869.66,2,CX4
AXX172,Y,N,10,Y,11,4,No communication,201,12.98,2608.98,2,CX4
ABZ582,N,Y,10,Y,2,,No communication,52,72.73,3781.96,7,TM2
AXX172,N,Y,11,Y,6,2,Told it would be on time,155,12.98,2011.9,2,CX4
AYY404,N,Y,6,N,3,1,Told it would be late,127,316.07,40140.89,17,MT4
AAZ212,N,N,6,Y,5,2,No communication,85,21.2,1802,2,RT4
ABZ582,N,Y,5,Y,10,4,Told it would be on time,58,72.73,4218.34,7,TM2
ABZ581,N,N,5,Y,1,1,Told it would be on time,21,36.99,776.79,3,TM2
ABZ582,N,N,10,Y,11,4,Told it would be on time,40,72.73,2909.2,7,TM2
ABZ582,N,N,9,Y,12,4,No communication,139,72.73,10109.47,7,TM2
ACZ636,Y,N,12,Y,12,4,Told it would be on time,141,18.18,2563.38,2,SS3
ABZ581,N,N,10,Y,9,3,No communication,148,36.99,5474.52,3,TM2
AXX171,Y,Y,14,N,12,4,Told it would be late,107,7.11,760.77,1,CX4
AAZ212,N,Y,8,Y,11,4,Told it would be on time,89,21.2,1886.8,2,RT4
ACZ636,Y,N,16,N,12,4,Told it would be late,28,18.18,509.04,2,SS3
AAZ212,Y,Y,11,Y,10,4,Told it would be on time,161,21.2,3413.2,2,RT4
AAZ212,N,Y,13,Y,5,2,Told it would be on time,45,21.2,954,2,RT4
AZY333,Y,Y,14,N,4,2,Told it would be on time,163,1879.9,306423.7,12,MT4
AAZ212,N,N,5,Y,1,1,Told it would be on time,47,21.2,996.4,2,RT4
AAZ212,N,N,10,Y,6,2,Told it would be late,125,21.2,2650,2,RT4
ABZ581,N,Y,9,N,2,1,Told it would be on time,42,36.99,1553.58,3,TM2
ACZ636,Y,N,10,Y,5,2,Told it would be on time,61,18.18,1108.98,2,SS3
AAZ212,N,N,9,Y,6,2,Told it would be on time,75,21.2,1590,2,RT4
AXX172,N,N,9,Y,7,3,No communication,91,12.98,1181.18,2,CX4
ACZ636,N,N,5,Y,,1,Told it would be on time,122,18.18,2217.96,2,SS3
AXX172,N,Y,9,N,1,1,Told it would be on time,22,12.98,285.56,2,CX4
ABZ582,N,N,8,Y,9,3,Told it would be on time,168,72.73,12218.64,7,TM2
AXX172,N,Y,6,N,12,4,No communication,86,12.98,1116.28,2,CX4
AAZ212,Y,N,13,Y,12,4,Told it would be on time,101,21.2,2141.2,2,RT4
ABZ582,N,N,7,Y,3,1,Told it would be on time,110,72.73,8000.3,7,TM2
ACZ636,Y,Y,11,N,9,3,Told it would be late,96,18.18,1745.28,2,SS3
AXX171,Y,N,10,Y,11,4,No communication,53,7.11,376.83,1,CX4
AAZ212,Y,N,12,Y,6,2,Told it would be on time,111,21.2,2353.2,2,RT4
AXX172,N,N,8,Y,12,4,No communication,71,12.98,921.58,2,CX4
ABZ581,N,N,8,Y,2,1,Told it would be on time,166,36.99,6140.34,3,TM2
ABZ581,N,N,6,Y,6,2,Told it would be late,39,36.99,1442.61,3,TM2
ACZ633,Y,Y,16,N,2,1,No communication,163,1268.68,206794.84,21,SS3
ACZ636,N,N,6,Y,5,2,Told it would be on time,63,18.18,1145.34,2,SS3
AAZ122,N,Y,7,N,3,1,No communication,62,988.21,61269.02,14,RT4
ABZ582,Y,N,12,Y,8,3,,57,72.73,4145.61,7,TM2
ABZ582,Y,N,21,Y,8,3,Told it would be on time,168,72.73,12218.64,7,TM2
AXX172,N,N,8,Y,11,4,No communication,16,12.98,207.68,2,CX4
ABZ581,N,N,7,Y,6,2,Told it would be on time,60,,2219.4,3,TM2
AXX172,N,Y,7,N,5,2,No communication,64,12.98,830.72,2,CX4
AAZ212,N,N,9,Y,9,3,Told it would be late,78,21.2,1653.6,2,RT4
ABZ582,N,N,5,Y,5,2,Told it would be on time,26,72.73,1890.98,7,TM2
AXX171,N,N,10,Y,5,2,No communication,65,7.11,462.15,1,CX4
ABZ582,N,N,15,Y,11,4,Told it would be on time,55,72.73,4000.15,7,TM2
AXX172,N,Y,6,Y,6,2,Told it would be on time,123,12.98,1596.54,2,CX4
AXX172,N,Y,4,N,5,2,Told it would be late,47,12.98,610.06,2,CX4
AXX172,N,Y,8,N,8,3,Told it would be late,64,12.98,830.72,2,CX4
AXX171,Y,N,12,Y,2,1,Told it would be on time,107,7.11,760.77,1,CX4
AYY404,N,Y,10,N,12,4,No communication,128,316.07,40456.96,17,MT4
AZY333,N,Y,7,N,6,2,Told it would be late,114,1879.9,214308.6,12,MT4
ABZ581,N,N,6,Y,3,1,No communication,174,36.99,6436.26,3,TM2
AAZ212,N,N,8,Y,5,2,Told it would be on time,55,21.2,,2,RT4
ACZ636,N,N,6,Y,5,2,Told it would be on time,46,18.18,836.28,2,SS3
ABZ582,N,N,7,Y,13,2,No communication,122,72.73,8873.06,7,TM2
ABZ581,Y,Y,15,Y,4,6,Told it would be on time,150,36.99,5548.5,3,TM2
ABZ581,Y,Y,17,Y,1,1,Told it would be on time,165,36.99,6103.35,3,TM2
,N,Y,9,N,2,1,Told it would be late,58,316.07,18332.06,17,MT4
AXX172,N,N,10,Y,3,1,Told it would be on time,70,12.98,908.6,2,CX4
AAZ212,N,N,6,Y,2,1,Told it would be on time,91,21.2,1929.2,2,RT4
AAZ122,N,N,9,Y,12,4,No communication,129,988.21,127479.09,14,RT4
AAZ212,N,N,5,Y,3,1,Told it would be on time,45,21.2,954,2,RT4
ACZ636,Y,N,11,Y,13,3,Told it would be on time,204,18.18,3708.72,2,SS3
AAZ122,N,N,7,N,3,1,Told it would be late,65,988.21,64233.65,14,RT4
ACZ636,N,N,6,Y,8,3,No communication,14,18.18,254.52,2,SS3
AXX171,Y,N,12,Y,1,1,Told it would be late,66,7.11,469.26,1,CX4
AAZ212,Y,N,11,Y,12,4,Told it would be on time,72,21.2,1526.4,2,RT4
AXX171,N,Y,9,Y,6,2,No communication,67,7.11,476.37,1,CX4
AAZ212,N,Y,8,N,8,3,Told it would be on time,115,21.2,2438,2,RT4
AXX172,N,N,7,Y,,4,Told it would be on time,73,12.98,947.54,2,CX4
ABZ581,N,N,7,Y,9,3,Told it would be on time,57,36.99,2108.43,3,TM2
ABZ582,N,N,10,Y,10,4,Told it would be late,143,72.73,10400.39,7,TM2
AXX171,N,N,5,Y,3,1,Told it would be on time,74,7.11,526.14,1,CX4
ACZ636,N,N,13,Y,12,4,No communication,121,18.18,2199.78,2,SS3
AAZ212,N,N,7,Y,2,1,Told it would be on time,80,21.2,1696,2,RT4
,N,Y,8,N,9,3,No communication,87,988.21,85974.27,14,RT4
ABZ582,Y,N,12,Y,10,4,Told it would be on time,133,72.73,9673.09,7,TM2
AYY404,N,Y,9,N,6,2,Told it would be late,22,316.07,6953.54,17,MT4
AXX171,N,N,7,Y,3,1,No communication,30,7.11,213.3,1,CX4
AAZ212,N,N,6,Y,5,2,Told it would be on time,74,21.2,1568.8,2,RT4
ABZ581,Y,Y,7,N,9,3,Told it would be late,54,36.99,1997.46,3,TM2
AXX172,N,Y,8,N,7,3,Told it would be late,96,12.98,1246.08,2,CX4
AAZ122,N,N,7,Y,3,1,Told it would be on time,56,988.21,55339.76,14,RT4
AZY333,N,Y,7,N,10,4,Told it would be late,70,1879.9,131593,12,MT4
AAZ122,N,N,6,N,2,1,Told it would be late,70,988.21,69174.7,14,RT4
AXX171,N,N,8,Y,12,4,Told it would be on time,112,7.11,796.32,1,CX4
